-- MySQL dump 10.13  Distrib 8.0.45, for Linux (x86_64)
--
-- Host: localhost    Database: smarthrm_db
-- ------------------------------------------------------
-- Server version	8.0.45-0ubuntu0.24.04.1

/*!40101 SET @OLD_CHARACTER_SET_CLIENT=@@CHARACTER_SET_CLIENT */;
/*!40101 SET @OLD_CHARACTER_SET_RESULTS=@@CHARACTER_SET_RESULTS */;
/*!40101 SET @OLD_COLLATION_CONNECTION=@@COLLATION_CONNECTION */;
/*!50503 SET NAMES utf8mb4 */;
/*!40103 SET @OLD_TIME_ZONE=@@TIME_ZONE */;
/*!40103 SET TIME_ZONE='+00:00' */;
/*!40014 SET @OLD_UNIQUE_CHECKS=@@UNIQUE_CHECKS, UNIQUE_CHECKS=0 */;
/*!40014 SET @OLD_FOREIGN_KEY_CHECKS=@@FOREIGN_KEY_CHECKS, FOREIGN_KEY_CHECKS=0 */;
/*!40101 SET @OLD_SQL_MODE=@@SQL_MODE, SQL_MODE='NO_AUTO_VALUE_ON_ZERO' */;
/*!40111 SET @OLD_SQL_NOTES=@@SQL_NOTES, SQL_NOTES=0 */;

--
-- Dumping data for table `account_permissions`
--

LOCK TABLES `account_permissions` WRITE;
/*!40000 ALTER TABLE `account_permissions` DISABLE KEYS */;
INSERT INTO `account_permissions` (`id`, `account_type_id`, `module_name`, `action_name`, `created_at`) VALUES (750,5,'Performance Appraisal','performance.view','2026-03-14 10:41:35'),(751,5,'Performance Appraisal','performance.staff_list','2026-03-14 10:41:35'),(752,5,'Performance Appraisal','performance.staff_setup','2026-03-14 10:41:35'),(753,5,'Performance Appraisal','performance.staff_appraisal','2026-03-14 10:41:35'),(754,5,'Performance Appraisal','performance.staff_marks','2026-03-14 10:41:35'),(755,5,'Performance Appraisal','performance.executive_list','2026-03-14 10:41:35'),(756,5,'Performance Appraisal','performance.executive_setup','2026-03-14 10:41:35'),(757,5,'Performance Appraisal','performance.executive_appraisal','2026-03-14 10:41:35'),(758,5,'Performance Appraisal','performance.executive_tracker','2026-03-14 10:41:35'),(759,5,'Performance Appraisal','performance.leave_utilization','2026-03-14 10:41:35'),(760,5,'Performance Appraisal','performance.reports','2026-03-14 10:41:35'),(761,3,'Performance Appraisal','performance.view','2026-03-14 11:22:55'),(762,3,'Performance Appraisal','performance.executive_list','2026-03-14 11:22:55'),(763,3,'Performance Appraisal','performance.executive_appraisal','2026-03-14 11:22:55'),(764,3,'Performance Appraisal','performance.executive_tracker','2026-03-14 11:22:55'),(765,2,'Performance Appraisal','performance.view','2026-03-14 11:23:09'),(766,2,'Performance Appraisal','performance.staff_list','2026-03-14 11:23:09'),(767,2,'Performance Appraisal','performance.staff_appraisal','2026-03-14 11:23:09'),(768,2,'Performance Appraisal','performance.staff_marks','2026-03-14 11:23:09'),(769,4,'Performance Appraisal','performance.view','2026-03-14 11:23:21'),(770,4,'Performance Appraisal','performance.executive_list','2026-03-14 11:23:21'),(771,4,'Performance Appraisal','performance.executive_appraisal','2026-03-14 11:23:21'),(772,4,'Performance Appraisal','performance.executive_tracker','2026-03-14 11:23:21'),(773,1,'Performance Appraisal','performance.view','2026-03-14 11:23:27'),(774,5,'Performance Appraisal','performance.view_marks','2026-03-14 14:51:49'),(776,4,'Performance Appraisal','performance.staff_list','2026-03-14 14:51:49'),(777,4,'Performance Appraisal','performance.staff_setup','2026-03-14 14:51:49'),(778,4,'Performance Appraisal','performance.staff_appraisal','2026-03-14 14:51:49'),(779,4,'Performance Appraisal','performance.staff_marks','2026-03-14 14:51:49'),(780,4,'Performance Appraisal','performance.executive_setup','2026-03-14 14:51:49'),(781,4,'Performance Appraisal','performance.leave_utilization','2026-03-14 14:51:49'),(782,4,'Performance Appraisal','performance.view_marks','2026-03-14 14:51:49'),(783,4,'Performance Appraisal','performance.reports','2026-03-14 14:51:49'),(788,3,'Performance Appraisal','performance.staff_list','2026-03-14 14:51:49'),(789,3,'Performance Appraisal','performance.staff_setup','2026-03-14 14:51:49'),(790,3,'Performance Appraisal','performance.staff_appraisal','2026-03-14 14:51:49'),(791,3,'Performance Appraisal','performance.staff_marks','2026-03-14 14:51:49'),(792,3,'Performance Appraisal','performance.executive_setup','2026-03-14 14:51:49'),(793,3,'Performance Appraisal','performance.leave_utilization','2026-03-14 14:51:49'),(794,3,'Performance Appraisal','performance.view_marks','2026-03-14 14:51:49'),(795,3,'Performance Appraisal','performance.reports','2026-03-14 14:51:49'),(800,2,'Performance Appraisal','performance.staff_setup','2026-03-14 14:51:49'),(801,2,'Performance Appraisal','performance.executive_list','2026-03-14 14:51:49'),(802,2,'Performance Appraisal','performance.executive_setup','2026-03-14 14:51:49'),(803,2,'Performance Appraisal','performance.executive_appraisal','2026-03-14 14:51:49'),(804,2,'Performance Appraisal','performance.executive_tracker','2026-03-14 14:51:49'),(805,2,'Performance Appraisal','performance.leave_utilization','2026-03-14 14:51:49'),(806,2,'Performance Appraisal','performance.view_marks','2026-03-14 14:51:49'),(807,2,'Performance Appraisal','performance.reports','2026-03-14 14:51:49'),(812,3,'Key Talent Identification','key_talent.view','2026-03-14 15:26:47'),(813,3,'Key Talent Identification','key_talent.assessment_form','2026-03-14 15:26:47'),(814,3,'Key Talent Identification','key_talent.assessment_results','2026-03-14 15:26:47'),(815,3,'Key Talent Identification','key_talent.candidates_list','2026-03-14 15:26:47'),(816,3,'Key Talent Identification','key_talent.conduct_assessment','2026-03-14 15:26:47'),(817,3,'Key Talent Identification','key_talent.form_setup','2026-03-14 15:26:47'),(818,3,'Key Talent Identification','key_talent.reports','2026-03-14 15:26:47'),(819,3,'Key Talent Identification','key_talent.talent_grid','2026-03-14 15:26:47'),(820,4,'Key Talent Identification','key_talent.view','2026-03-14 15:26:47'),(821,4,'Key Talent Identification','key_talent.assessment_form','2026-03-14 15:26:47'),(822,4,'Key Talent Identification','key_talent.assessment_results','2026-03-14 15:26:47'),(823,4,'Key Talent Identification','key_talent.candidates_list','2026-03-14 15:26:47'),(824,4,'Key Talent Identification','key_talent.conduct_assessment','2026-03-14 15:26:47'),(825,4,'Key Talent Identification','key_talent.form_setup','2026-03-14 15:26:47'),(826,4,'Key Talent Identification','key_talent.reports','2026-03-14 15:26:47'),(827,4,'Key Talent Identification','key_talent.talent_grid','2026-03-14 15:26:47'),(828,5,'Key Talent Identification','key_talent.view','2026-03-14 15:26:47'),(829,5,'Key Talent Identification','key_talent.assessment_form','2026-03-14 15:26:47'),(830,5,'Key Talent Identification','key_talent.assessment_results','2026-03-14 15:26:47'),(831,5,'Key Talent Identification','key_talent.candidates_list','2026-03-14 15:26:47'),(832,5,'Key Talent Identification','key_talent.conduct_assessment','2026-03-14 15:26:47'),(833,5,'Key Talent Identification','key_talent.form_setup','2026-03-14 15:26:47'),(834,5,'Key Talent Identification','key_talent.reports','2026-03-14 15:26:47'),(835,5,'Key Talent Identification','key_talent.talent_grid','2026-03-14 15:26:47'),(836,2,'Key Talent Identification','key_talent.view','2026-03-14 15:26:47'),(837,2,'Key Talent Identification','key_talent.assessment_form','2026-03-14 15:26:47'),(838,2,'Key Talent Identification','key_talent.assessment_results','2026-03-14 15:26:47'),(839,2,'Key Talent Identification','key_talent.candidates_list','2026-03-14 15:26:47'),(840,2,'Key Talent Identification','key_talent.conduct_assessment','2026-03-14 15:26:47'),(841,2,'Key Talent Identification','key_talent.reports','2026-03-14 15:26:47'),(842,2,'Key Talent Identification','key_talent.talent_grid','2026-03-14 15:26:47'),(873,1,'Skill Matrix','skill.view','2026-03-14 16:28:30'),(874,1,'Skill Matrix','skill.view_skill_matrix','2026-03-14 16:28:30'),(875,1,'Skill Matrix','skill.complete_skill_assessment','2026-03-14 16:28:30'),(876,2,'Skill Matrix','skill.view','2026-03-14 16:28:30'),(877,2,'Skill Matrix','skill.view_skill_matrix','2026-03-14 16:28:30'),(878,2,'Skill Matrix','skill.complete_skill_assessment','2026-03-14 16:28:30'),(879,2,'Skill Matrix','skill.skill_assessment','2026-03-14 16:28:30'),(880,2,'Skill Matrix','skill.assessment_reports','2026-03-14 16:28:30'),(881,2,'Skill Matrix','skill.employee_list','2026-03-14 16:28:30'),(882,3,'Skill Matrix','skill.view','2026-03-14 16:28:30'),(883,3,'Skill Matrix','skill.view_skill_matrix','2026-03-14 16:28:30'),(884,3,'Skill Matrix','skill.complete_skill_assessment','2026-03-14 16:28:30'),(885,3,'Skill Matrix','skill.skill_assessment','2026-03-14 16:28:30'),(886,3,'Skill Matrix','skill.assessment_reports','2026-03-14 16:28:30'),(887,3,'Skill Matrix','skill.employee_list','2026-03-14 16:28:30'),(888,3,'Skill Matrix','skill.matrix_setup','2026-03-14 16:28:30'),(889,4,'Skill Matrix','skill.view','2026-03-14 16:28:30'),(890,4,'Skill Matrix','skill.view_skill_matrix','2026-03-14 16:28:30'),(891,4,'Skill Matrix','skill.complete_skill_assessment','2026-03-14 16:28:30'),(892,4,'Skill Matrix','skill.skill_assessment','2026-03-14 16:28:30'),(893,4,'Skill Matrix','skill.assessment_reports','2026-03-14 16:28:30'),(894,4,'Skill Matrix','skill.employee_list','2026-03-14 16:28:30'),(895,4,'Skill Matrix','skill.matrix_setup','2026-03-14 16:28:30'),(896,5,'Skill Matrix','skill.view','2026-03-14 16:28:30'),(897,5,'Skill Matrix','skill.view_skill_matrix','2026-03-14 16:28:30'),(898,5,'Skill Matrix','skill.complete_skill_assessment','2026-03-14 16:28:30'),(899,5,'Skill Matrix','skill.skill_assessment','2026-03-14 16:28:30'),(900,5,'Skill Matrix','skill.assessment_reports','2026-03-14 16:28:30'),(901,5,'Skill Matrix','skill.employee_list','2026-03-14 16:28:30'),(902,5,'Skill Matrix','skill.matrix_setup','2026-03-14 16:28:30');
/*!40000 ALTER TABLE `account_permissions` ENABLE KEYS */;
UNLOCK TABLES;

--
-- Dumping data for table `account_types`
--

LOCK TABLES `account_types` WRITE;
/*!40000 ALTER TABLE `account_types` DISABLE KEYS */;
INSERT INTO `account_types` (`id`, `type_name`, `description`, `level`, `is_active`, `created_at`, `updated_at`) VALUES (1,'user','Regular User',1,1,'2026-02-04 18:45:49','2026-02-04 18:45:49'),(2,'supervisor','Supervisor',2,1,'2026-02-04 18:45:49','2026-02-04 18:45:49'),(3,'manager','Manager',3,1,'2026-02-04 18:45:49','2026-02-04 18:45:49'),(4,'admin','Administrator',4,1,'2026-02-04 18:45:49','2026-02-04 18:45:49'),(5,'superadmin','Super Administrator',5,1,'2026-02-04 18:45:49','2026-02-04 18:45:49');
/*!40000 ALTER TABLE `account_types` ENABLE KEYS */;
UNLOCK TABLES;

--
-- Dumping data for table `dropdown_options`
--

LOCK TABLES `dropdown_options` WRITE;
/*!40000 ALTER TABLE `dropdown_options` DISABLE KEYS */;
INSERT INTO `dropdown_options` (`id`, `category`, `option_value`, `display_order`, `is_active`, `created_at`, `updated_at`) VALUES (1,'gender','Male',1,1,'2026-02-04 18:45:49','2026-02-04 18:45:49'),(2,'gender','Female',2,1,'2026-02-04 18:45:49','2026-02-04 18:45:49'),(3,'meal_type','Employee Meal',1,1,'2026-02-04 18:45:49','2026-02-04 18:45:49'),(4,'meal_type','Employee Special',2,1,'2026-02-04 18:45:49','2026-02-04 18:45:49'),(5,'meal_type','Seafood - Foreigner',3,1,'2026-02-04 18:45:49','2026-02-04 18:45:49'),(6,'meal_type','Chicken - Foreigner',4,1,'2026-02-04 18:45:49','2026-02-04 18:45:49'),(7,'meal_type','Veg - Foreigner',5,1,'2026-02-04 18:45:49','2026-02-04 18:45:49'),(8,'meal_type','Chicken - Local',6,1,'2026-02-04 18:45:49','2026-02-04 18:45:49'),(9,'meal_type','Fish - Local',7,1,'2026-02-04 18:45:49','2026-02-04 18:45:49'),(10,'meal_type','Veg - Local',8,1,'2026-02-04 18:45:49','2026-02-04 18:45:49'),(11,'transport_purpose','Transport between two plants',1,1,'2026-02-04 18:45:49','2026-02-04 18:45:49'),(12,'transport_purpose','Government',2,1,'2026-02-04 18:45:49','2026-02-04 18:45:49'),(13,'transport_purpose','Banks',3,1,'2026-02-04 18:45:49','2026-02-04 18:45:49'),(14,'transport_purpose','Purchasing',4,1,'2026-02-04 18:45:49','2026-02-04 18:45:49'),(15,'transport_purpose','Event',5,1,'2026-02-04 18:45:49','2026-02-04 18:45:49'),(16,'transport_purpose','Training',6,1,'2026-02-04 18:45:49','2026-02-04 18:45:49'),(17,'transport_purpose','Other',7,1,'2026-02-04 18:45:49','2026-02-04 18:45:49'),(18,'department','Finance',1,1,'2026-02-04 18:45:49','2026-02-04 18:45:49'),(19,'department','HR',2,1,'2026-02-04 18:45:49','2026-02-04 18:45:49'),(20,'department','IT',3,1,'2026-02-04 18:45:49','2026-02-04 18:45:49'),(21,'department','Maintenance',4,1,'2026-02-04 18:45:49','2026-02-04 18:45:49'),(22,'department','Material Processing',5,1,'2026-02-04 18:45:49','2026-02-04 18:45:49'),(23,'department','Production',6,1,'2026-02-04 18:45:49','2026-02-04 18:45:49'),(24,'department','QHS',7,1,'2026-02-04 18:45:49','2026-02-04 18:45:49'),(25,'department','Supply Chain & Logistics',8,1,'2026-02-04 18:45:49','2026-02-04 18:45:49'),(26,'grievance_category','Professional',1,1,'2026-02-04 18:45:49','2026-02-04 18:45:49'),(27,'grievance_category','Financial',2,1,'2026-02-04 18:45:49','2026-02-04 18:45:49'),(28,'grievance_category','Behavioral',3,1,'2026-02-04 18:45:49','2026-02-04 18:45:49'),(29,'grievance_category','Environment',4,1,'2026-02-04 18:45:49','2026-02-04 18:45:49'),(30,'grievance_category','Policy',5,1,'2026-02-04 18:45:49','2026-02-04 18:45:49'),(31,'urgency_level','Low',1,1,'2026-02-04 18:45:49','2026-02-04 18:45:49'),(32,'urgency_level','Medium',2,1,'2026-02-04 18:45:49','2026-02-04 18:45:49'),(33,'urgency_level','High',3,1,'2026-02-04 18:45:49','2026-02-04 18:45:49'),(34,'urgency_level','Critical',4,1,'2026-02-04 18:45:49','2026-02-04 18:45:49'),(35,'request_type','Salary Slip Originals',1,1,'2026-02-04 18:45:49','2026-02-04 18:45:49'),(36,'request_type','Bank Documents Fillup',2,1,'2026-02-04 18:45:49','2026-02-04 18:45:49'),(37,'request_type','Service Letter',3,1,'2026-02-04 18:45:49','2026-02-04 18:45:49'),(38,'request_type','Training',4,1,'2026-02-04 18:45:49','2026-02-04 18:45:49'),(39,'request_type','Other',5,1,'2026-02-04 18:45:49','2026-02-04 18:45:49');
/*!40000 ALTER TABLE `dropdown_options` ENABLE KEYS */;
UNLOCK TABLES;

--
-- Dumping data for table `employees`
--

LOCK TABLES `employees` WRITE;
/*!40000 ALTER TABLE `employees` DISABLE KEYS */;
INSERT INTO `employees` (`id`, `epf_number`, `name`, `account_type`, `designation`, `department`, `nic`, `birthday`, `age`, `joined_date`, `service`, `gender`, `employment_level_id`, `location_id`, `reports_to`, `account_type_id`, `role`, `account_level`, `password_hash`, `is_active`, `created_at`, `updated_at`, `password_change_required`, `password_reset_at`) VALUES (354,'4','W. A. S. Priyantha Wickramarachchi','user','Junior Executive - Production','Maintenance','790171152V','1979-01-17',47,'2003-11-17','22 years 3 months','Male',7,1,'365',2,'supervisor',1,'$2y$10$BB4kyAuHPQVzz2j7LFaSP.HKVtTvVibqRqs3N.2n0Tm65quxnhJ3K',0,'2026-02-05 02:56:40','2026-02-28 18:32:17',1,'2026-02-22 10:38:42'),(355,'7','S. Pathirannahalage Priyantha','supervisor','Junior Executive - Production','Production','713392790V','1971-04-12',54,'2003-11-17','22 years 2 months','Male',7,1,'254',2,'supervisor',2,'$2y$10$USPLPchJrxS1NtBWF0AzxeU7HYq8Iwks.GbmI9Czlu.4kl5ukZ82G',1,'2026-02-05 02:56:40','2026-02-28 18:32:17',0,NULL),(356,'11','D. M. J. Nilantha Dissanayake','user','Personal Assistant to the Managing Director','HR','783071843V','1978-11-02',47,'2003-11-17','22 years 2 months','Male',9,5,'40',1,'user',1,NULL,1,'2026-02-05 02:56:40','2026-02-05 08:26:41',0,NULL),(357,'20','N. M. Shyamali Wasanthi','manager','Manager-Supply Chain and Customer Service','Supply Chain & Logistics','1.97E+11','1973-01-08',53,'2004-08-11','21 years 5 months','Female',3,5,'521',3,'manager',1,'$2y$10$LWGaWqAMEuHs8AkMokubH.KS2NZPpTMpDUPeI/GlqTK4z7arHS0eq',1,'2026-02-05 02:56:40','2026-03-12 10:50:59',0,NULL),(358,'30','S. A. Kamal Kumara','user','Team Leader-Quality','QHS','750643620V','1975-04-03',50,'2006-08-01','19 years 6 months','Male',9,1,'63',1,'user',1,NULL,1,'2026-02-05 02:56:40','2026-02-05 08:26:41',0,NULL),(359,'33','H. P. A. Champika Abeywickrama','user','Senior Executive - Production Planning','Supply Chain & Logistics','731831920V','1973-01-07',53,'2006-09-14','19 years 4 months','Male',5,5,'20',1,'user',1,NULL,1,'2026-02-05 02:56:40','2026-02-05 08:26:41',0,NULL),(360,'36','W. A. D. Nayanjith Wijerathne','user','Team Leader-Jiffy 7C Production','Production','791730600V','1979-06-21',46,'2006-11-03','19 years 3 months','Male',9,1,'254',1,'user',1,NULL,1,'2026-02-05 02:56:40','2026-02-05 08:26:41',0,NULL),(361,'38','M. A. Sampath Sanjeewa','supervisor','Senior Executive-Quality, Health & Safety','QHS','1.99E+11','1987-12-26',38,'2006-11-15','19 years 2 months','Male',5,2,'504',2,'supervisor',2,'$2y$10$dM53siOVRSvqSe9mpL4sLuIylP3pBuCiqS4RjsAeNULyz32pH1fgG',1,'2026-02-05 02:56:40','2026-02-28 18:32:17',0,NULL),(362,'40','D. Chanuka Krishantha','superadmin','Assistant Manager - HR & Admin','HR','833280490V','1983-11-23',42,'2006-11-28','19 years 2 months','Male',4,5,'284',5,'superadmin',5,'$2y$10$.Q6/xbR3Wv7oFk1XCrxLlOjmrcJe6cdaS4u5uTz0g6kSLghPgpLzC',1,'2026-02-05 02:56:40','2026-02-28 18:32:17',0,NULL),(363,'49','S. D. C. Sampath Janakasiri','user','Team Leader-Jiffy 7C Technical','Maintenance','821683513V','1982-06-16',43,'2007-08-17','18 years 5 months','Male',9,1,'7',1,'user',1,NULL,1,'2026-02-05 02:56:40','2026-02-05 08:26:41',0,NULL),(364,'52','I. D. Sarath Kumara','user','Workshop Mechanic','Maintenance','833332490V','1983-11-28',42,'2007-10-01','18 years 4 months','Male',9,2,'463',1,'user',1,NULL,1,'2026-02-05 02:56:40','2026-02-05 08:26:41',0,NULL),(365,'53','J. P. A. Upatissa Jayaweera','user','Stores Assistant','Production','821322456V','1982-11-05',43,'2007-10-01','18 years 4 months','Male',9,1,'508',1,'user',1,NULL,1,'2026-02-05 02:56:40','2026-02-05 08:26:41',0,NULL),(366,'54','T. M. Janaka Tilakaratne','user','Foreman','Maintenance','862151623V','1986-02-08',39,'2017-10-01','8 years 4 months','Male',9,4,'463',1,'user',1,NULL,1,'2026-02-05 02:56:40','2026-02-05 08:26:41',0,NULL),(367,'58','J. A. Priyantha Kumara','user','Machine Operator-Team Leader','Production','753342028v','1975-11-29',50,'2008-02-05','18 years 0 months','Male',9,1,'254',1,'user',1,NULL,1,'2026-02-05 02:56:40','2026-02-05 08:26:41',0,NULL),(368,'60','S. A. S. Manjula Samarasinghe','user','Team Leader-Jiffy 7C Production','Production','791681545V','1979-06-16',46,'2008-02-12','17 years 11 months','Male',9,1,'254',1,'user',1,NULL,1,'2026-02-05 02:56:40','2026-02-05 08:26:41',0,NULL),(369,'63','U. H. A. U. P. De Silva','user','Executive-QHS (7C & JECOE)','QHS','853151262V','1985-10-11',40,'2008-02-18','17 years 11 months','Male',6,1,'504',1,'user',1,NULL,1,'2026-02-05 02:56:40','2026-02-05 08:26:41',0,NULL),(370,'64','Janani Wasana','user','Senior Executive - Accounts','Finance','846533346V','1984-06-01',41,'2008-03-03','17 years 11 months','Female',5,5,'497',1,'user',1,NULL,1,'2026-02-05 02:56:40','2026-02-05 20:18:18',0,NULL),(371,'69','L. C. Prabath Karunarathne','user','Thermoforming machine operator','Maintenance','851821970V','1985-06-30',40,'2008-08-01','17 years 6 months','Male',9,4,'463',1,'user',1,NULL,1,'2026-02-05 02:56:40','2026-02-05 08:26:41',0,NULL),(372,'75','D. D. C. Sampath Kumarasingha','user','Jiffy Machine Operator','Production','833221175V','1983-11-17',42,'2008-08-14','17 years 5 months','Male',9,1,'254',1,'user',1,NULL,1,'2026-02-05 02:56:40','2026-02-05 08:26:41',0,NULL),(373,'77','I. G. Bandusiri Abewardhana','supervisor','Executive-Production','Production','890664792V','1989-06-03',36,'2008-10-01','17 years 4 months','Male',6,2,'91',2,'supervisor',2,'$2y$10$xJ5AIZN/Dq5oimCl17w9le/7CMJryqPIHxmJhBV.5nsyB4A9uKM.q',1,'2026-02-05 02:56:40','2026-02-28 18:32:17',1,'2026-02-19 13:07:39'),(374,'79','M. A. Sisira Rajapaksha','user','Driver','Production','822901530V','1982-10-16',43,'2008-10-01','17 years 4 months','Male',9,2,'109',1,'user',1,NULL,1,'2026-02-05 02:56:40','2026-02-05 08:26:41',0,NULL),(375,'81','S. A. S. Sudath Desapriya','user','Maintenance Supervisor','Maintenance','730332432V','1973-02-02',53,'2008-11-24','17 years 2 months','Male',8,2,'463',1,'user',1,NULL,1,'2026-02-05 02:56:40','2026-02-05 08:26:41',0,NULL),(376,'82','W. A. N. C. Kumara Vithanaarachchi','user','Team Leader-Jiffy 7C Technical','Maintenance','781023841V','1978-11-04',47,'2008-12-08','17 years 1 months','Male',9,1,'7',1,'user',1,NULL,1,'2026-02-05 02:56:40','2026-02-05 08:26:41',0,NULL),(377,'84','M. T. N. Sanjaya Jayaranga','user','Jiffy Machine Operator','Production','902161422V','1990-03-08',35,'2009-01-01','17 years 1 months','Male',9,1,'254',1,'user',1,NULL,1,'2026-02-05 02:56:40','2026-02-05 08:26:41',0,NULL),(378,'88','M. P. S. A. Kumara Rathnayake','user','Senior Technician','Maintenance','843183409v','1984-11-13',41,'2009-07-01','16 years 7 months','Male',9,1,'7',1,'user',1,NULL,1,'2026-02-05 02:56:40','2026-02-05 08:26:41',0,NULL),(379,'91','G. G. Mahendra Asiri','manager','Head of Manufacturing','Production','841032039v','1984-04-12',41,'2009-08-25','16 years 5 months','Male',3,3,'521',3,'manager',3,'$2y$10$ZLfBuBQ/NIDMUEsfmNYDlOZPuhQxLcKlD09yaoYZFsNgr9jGzV.Rm',1,'2026-02-05 02:56:40','2026-02-28 18:32:17',0,NULL),(380,'95','R. P. N. Buddhika Rankoth','user','Jiffy Machine Operator','Production','872471529v','1987-03-09',38,'2009-10-01','16 years 4 months','Male',9,1,'254',1,'user',1,NULL,1,'2026-02-05 02:56:40','2026-02-05 08:26:41',0,NULL),(381,'98','W. Sarath Wijesinghe','supervisor','Maintenance Supervisor','Maintenance','820040910v','1982-04-01',43,'2009-11-01','16 years 3 months','Male',8,2,'463',2,'supervisor',2,'$2y$10$0U.88xrw7f8xOFySYNtlHuFU7kWysz5mfX5frTuy5Z.DzCHwksvfK',1,'2026-02-05 02:56:40','2026-02-28 18:32:17',0,NULL),(382,'101','T. S. Sanjeewa Perera','user','Maintenance Foreman','Maintenance','872700161v','1987-09-26',38,'2009-12-28','16 years 1 months','Male',9,2,'463',1,'user',1,NULL,1,'2026-02-05 02:56:40','2026-02-05 08:26:41',0,NULL),(383,'104','K. A. M. A. Piyathissa Perera','user','Mechanical technician','Maintenance','760470163v','1976-02-16',49,'2010-03-01','15 years 11 months','Male',9,3,'464',1,'user',1,NULL,1,'2026-02-05 02:56:40','2026-02-05 08:26:41',0,NULL),(384,'109','J. M. Tharanga Jayasinghe','supervisor','Assistant Manager - Pannala Plant','Production','860570106v','1986-02-26',39,'2010-04-01','15 years 10 months','Male',4,2,'91',2,'supervisor',2,'$2y$10$D29EdaoBtETiNsBpe3wFrO.0CFpBhFqxFODeDxep8010JQg7SBhmu',1,'2026-02-05 02:56:40','2026-02-28 18:32:17',0,NULL),(385,'110','R. M. I. Saman Kumara','user','Heavy Vehicle Operator','Material Processing','751392486v','1975-05-18',50,'2010-04-01','15 years 10 months','Male',9,2,'109',1,'user',1,'$2y$10$36mXrU1TJ6d1cN/f4xnGCuhylsMpNhn0YLpDWXbcLuzCUeJ7KPF0e',1,'2026-02-05 02:56:40','2026-02-13 03:14:59',0,NULL),(386,'111','K. A. Dinuka Thushara','user','Heavy Vehicle Operator','Material Processing','880324160v','1988-01-02',38,'2010-04-01','15 years 10 months','Male',9,2,'109',1,'user',1,NULL,1,'2026-02-05 02:56:40','2026-02-05 08:26:41',0,NULL),(387,'119','K. P. T. Ranjan Athulasinghe','user','Automobile Foreman','Maintenance','841290720v','1984-05-08',41,'2010-05-25','15 years 8 months','Male',9,3,'464',1,'user',1,NULL,1,'2026-02-05 02:56:40','2026-02-05 08:26:41',0,NULL),(388,'127','W. M. R. Ruwan Kumara','user','Heavy Vehicle Operator','Material Processing','833303660v','1983-11-29',42,'2010-06-01','15 years 8 months','Male',9,3,'494',1,'user',1,NULL,1,'2026-02-05 02:56:40','2026-02-05 08:26:41',0,NULL),(389,'128','K. A. Wasantha Kuruppu','user','Heavy Vehicle Operator','Material Processing','813181584v','1981-11-13',44,'2010-06-01','15 years 8 months','Male',9,3,'494',1,'user',1,NULL,1,'2026-02-05 02:56:40','2026-02-05 08:26:41',0,NULL),(390,'142','S. P. N. Deshappriya Senanayake','user','Technician','Maintenance','891354266v','1989-05-14',36,'2010-07-23','15 years 6 months','Male',9,1,'7',1,'user',1,NULL,1,'2026-02-05 02:56:40','2026-02-05 08:26:41',0,NULL),(391,'144','A. P. Sarath Wimalasooriya','user','Driver','Material Processing','680903654v','1968-03-30',57,'2010-08-01','15 years 6 months','Male',9,3,'494',1,'user',1,NULL,1,'2026-02-05 02:56:40','2026-02-05 08:26:41',0,NULL),(392,'153','M. P. Danushka Sandaruwan','user','Assistant Manager-Cost Accounting','Finance','852551577v','1985-11-09',40,'2010-10-01','15 years 4 months','Male',4,5,'497',1,'user',1,NULL,1,'2026-02-05 02:56:40','2026-02-05 08:26:41',0,NULL),(393,'158','A. P. P. Wijesiri Premathilaka','user','Electrical Foremen','Maintenance','802773595 V','1980-03-10',45,'2011-01-20','15 years 0 months','Male',9,3,'464',1,'user',1,NULL,1,'2026-02-05 02:56:40','2026-02-05 08:26:41',0,NULL),(394,'159','R. A. A. Prabodha Ranaweera','user','Driver','Production','820702328v','1982-10-03',43,'2011-03-01','14 years 11 months','Male',9,1,'508',1,'user',1,NULL,1,'2026-02-05 02:56:40','2026-02-05 08:26:41',0,NULL),(395,'162','A. Nawzi Fareed','user','Customer Service Team Lead (Manager)','Global','881972859V','1988-07-15',37,'2011-04-25','14 years 9 months','Male',3,5,'521',1,'user',1,'$2y$10$8ZAFGACcVoVHK0rD6ZTnq.zOlp0vkEWS.rvx/GlWwQ1Y5CAgOWmYO',1,'2026-02-05 02:56:40','2026-02-22 10:35:21',0,NULL),(396,'164','G. P. W. C. N. Kumara Perera','user','Driver','HR','800585384v','1980-02-27',45,'2011-07-01','14 years 7 months','Male',9,5,'40',1,'user',1,NULL,1,'2026-02-05 02:56:40','2026-02-05 08:26:41',0,NULL),(397,'170','A. A. Dihan Sumedha','user','Heavy Vehicle Operator','Material Processing','910953400v','1991-04-04',34,'2011-08-01','14 years 6 months','Male',9,3,'494',1,'user',1,'$2y$10$MEcOkCj7/sJx9.RmhefcbOQw4HWJWL/9iNxEQFe.3m.MTx5s1jQQK',1,'2026-02-05 02:56:40','2026-02-19 21:40:32',0,NULL),(398,'174','D. B. L. Udaya Kumara','user','Jiffy Machine Operator','Production','801613071v','1980-09-06',45,'2011-10-01','14 years 4 months','Male',9,1,'254',1,'user',1,'$2y$10$d.95rG6kouda267.NYFCvO/Hdyj31rO9ljMoQU6pWMF6p85ZNSWwW',1,'2026-02-05 02:56:40','2026-02-20 05:30:36',0,NULL),(399,'175','R. D. P. Sanjeewa Randeniya','user','Production Assistant','Production','842442982v','1984-08-31',41,'2011-10-01','14 years 4 months','Male',9,1,'7',1,'user',1,NULL,1,'2026-02-05 02:56:40','2026-02-05 08:26:41',0,NULL),(400,'182','D. M. T. Kumuduranga Dissanayaka','user','Electrical Foreman','Maintenance','892393117v','1989-08-26',36,'2012-01-09','14 years 0 months','Male',9,3,'464',1,'user',1,NULL,1,'2026-02-05 02:56:40','2026-02-05 08:26:41',0,NULL),(401,'183','D. R. P. Sanjeewa Senewirathna','user','Senior Executive - Production Planning & Coordination','Production','851771484v','1985-06-25',40,'2012-01-16','14 years 0 months','Male',5,3,'20',1,'user',1,NULL,1,'2026-02-05 02:56:40','2026-02-05 08:26:41',0,NULL),(402,'186','M. A. Samantha Pushpakumara','user','Stores Assistant','Production','801982107v','1980-07-16',45,'2012-05-01','13 years 9 months','Male',9,3,'478',1,'user',1,NULL,1,'2026-02-05 02:56:40','2026-02-05 08:26:41',0,NULL),(403,'194','E. M. T. Sandaruwan Ekanayaka','user','Junior Executive - Production','Production','893002146v','1989-10-26',36,'2012-07-01','13 years 7 months','Male',7,3,'332',1,'user',1,NULL,1,'2026-02-05 02:56:40','2026-02-05 08:26:41',0,NULL),(404,'202','R. M. Gamini Rathnayake','user','Workshop In-charge','Maintenance','731943206v','1973-07-12',52,'2012-08-13','13 years 5 months','Male',8,3,'464',1,'user',1,NULL,1,'2026-02-05 02:56:40','2026-02-05 08:26:41',0,NULL),(405,'203','D. M. Chaminda Perera','user','Manual Worker','Maintenance','713122955v','1971-07-11',54,'2012-09-01','13 years 5 months','Male',9,4,'463',1,'user',1,NULL,1,'2026-02-05 02:56:40','2026-02-05 08:26:41',0,NULL),(406,'206','H. A. D. Hemantha Weerasinghe','user','Senior Store Supervisor','Production','902774297v','1990-03-10',35,'2012-10-01','13 years 4 months','Male',8,2,'109',1,'user',1,NULL,1,'2026-02-05 02:56:40','2026-02-05 08:26:41',0,NULL),(407,'213','R. D. H. Jeewan Randeniya','user','Wrapping Machine Operator','Maintenance','862152735V','1986-02-08',39,'2013-08-01','12 years 6 months','Male',9,2,'463',1,'user',1,'$2y$10$UNM1176xKLbPwSn0qoLoremPSDfaG5IUCDn.Qvi.u.eprMGNA6Lzm',1,'2026-02-05 02:56:40','2026-02-20 06:39:31',0,NULL),(408,'214','R. P. W. Sarath Kumara','user','Driver','Production','822120130V','1982-07-30',43,'2013-08-01','12 years 6 months','Male',9,1,'508',1,'user',1,NULL,1,'2026-02-05 02:56:40','2026-02-05 08:26:41',0,NULL),(409,'221','A. A. A. Chaminda Thilakarathne','user','Supervisor - Material Processing','Material Processing','782931865v','1978-10-19',47,'2013-11-01','12 years 3 months','Male',8,3,'494',1,'user',1,'$2y$10$ypES7RuXF2tfF.DI5XcCKODVmywBmkLS.Uf93nhu/huEqlnbyRyv2',1,'2026-02-05 02:56:40','2026-02-19 18:12:49',0,NULL),(410,'229','H. Priyantha Pushpakumara','user','Production Assistant','Production','853304271v','1985-11-25',40,'2014-01-06','12 years 0 months','Male',9,2,'77',1,'user',1,NULL,1,'2026-02-05 02:56:40','2026-02-05 08:26:41',0,NULL),(411,'236','H. M. T. Sameera Herath','user','Junior Executive - Production','Production','870673159v','1987-03-07',38,'2014-01-01','12 years 1 months','Male',7,3,'332',1,'user',1,NULL,1,'2026-02-05 02:56:40','2026-02-05 08:26:41',0,NULL),(412,'244','H. M. N. Tharaka Deshapriya','user','Foreman','Maintenance','880151584v','1988-01-15',38,'2014-02-01','12 years 0 months','Male',9,3,'464',1,'user',1,NULL,1,'2026-02-05 02:56:40','2026-02-05 08:26:41',0,NULL),(413,'245','K. M. P. Pushpa Kumara','user','Wrapping Machine Operator','Maintenance','850032769v','1985-03-01',40,'2014-02-01','12 years 0 months','Male',9,3,'464',1,'user',1,NULL,1,'2026-02-05 02:56:40','2026-02-05 08:26:41',0,NULL),(414,'247','K. A. M. Arunasiri Kaluarachchi','user','Workshop Technician','Maintenance','921441002v','1992-05-23',33,'2014-02-01','12 years 0 months','Male',9,1,'7',1,'user',1,NULL,1,'2026-02-05 02:56:40','2026-02-05 08:26:41',0,NULL),(415,'251','G. E. Treniyas Peiris','user','Electrician','Maintenance','850080879v','1985-08-01',40,'2014-03-01','11 years 11 months','Male',9,3,'464',1,'user',1,NULL,1,'2026-02-05 02:56:40','2026-02-05 08:26:41',0,NULL),(416,'252','H. P. D. M. Ravindra Kularathne','user','Automobile Technician','Maintenance','942682913v','1994-09-24',31,'2014-03-01','11 years 11 months','Male',9,3,'464',1,'user',1,NULL,1,'2026-02-05 02:56:40','2026-02-05 08:26:41',0,NULL),(417,'253','D. D. Indunil Disanayake','user','Electrician','Maintenance','923382070v','1992-03-12',33,'2014-03-01','11 years 11 months','Male',9,3,'464',1,'user',1,NULL,1,'2026-02-05 02:56:40','2026-02-05 08:26:41',0,NULL),(418,'254','P. D. N. Dhanushka Premarathna','user','Senior Executive - Production  & Technical','Production','892513856V','1989-07-09',36,'2014-05-22','11 years 8 months','Male',5,1,'91',1,'user',1,NULL,1,'2026-02-05 02:56:40','2026-02-05 08:26:41',0,NULL),(419,'256','A. G. D. Prabath Peris','user','Welder','Maintenance','851410830v','1985-05-20',40,'2014-11-01','11 years 3 months','Male',9,4,'463',1,'user',1,'$2y$10$oAJqhRoZ.9ia2Jv3TP1dIu6HNPhFm0vYf5PVtzlaQ2FxkOO6dYURu',1,'2026-02-05 02:56:40','2026-02-20 00:22:48',0,NULL),(420,'257','H. M. N. Lakshman Herath','user','Production Supervisor','Production','870650981V','1987-03-05',38,'2015-01-01','11 years 1 months','Male',8,3,'332',1,'user',1,NULL,1,'2026-02-05 02:56:40','2026-02-05 08:26:41',0,NULL),(421,'258','A. M. P. Chathuranga Adikari?','user','Executive - QHS','QHS','910621874V','1991-03-02',34,'2015-01-01','11 years 1 months','Male',6,3,'504',1,'user',1,NULL,1,'2026-02-05 02:56:40','2026-02-05 08:26:41',0,NULL),(422,'262','R. M. M. Nishantha Ranathunga','user','Heavy Vehicle Operator','Material Processing','871611386v','1987-06-09',38,'2015-02-01','11 years 0 months','Male',9,3,'494',1,'user',1,NULL,1,'2026-02-05 02:56:40','2026-02-05 08:26:41',0,NULL),(423,'272','W. Mudiyanselage Wijerathna','user','Tractor Driver','Material Processing','801894283V','1980-07-07',45,'2015-03-01','10 years 11 months','Male',9,3,'494',1,'user',1,NULL,1,'2026-02-05 02:56:40','2026-02-05 08:26:41',0,NULL),(424,'276','W. M. W. Ruwan Ekanayaka','user','Wrapping Machine Operator','Maintenance','891992424V','1989-07-17',36,'2015-03-01','10 years 11 months','Male',9,3,'464',1,'user',1,NULL,1,'2026-02-05 02:56:40','2026-02-05 08:26:41',0,NULL),(425,'277','H. M. P. Kumara Herath','user','Wrapping Machine Operator','Maintenance','861453014V','1986-05-24',39,'2015-03-01','10 years 11 months','Male',9,3,'464',1,'user',1,NULL,1,'2026-02-05 02:56:40','2026-02-05 08:26:41',0,NULL),(426,'283','S. M. S. L. Isurushan Rathnasooriya','user','Production Supervisor','Production','892300356V','1989-08-17',36,'2015-03-01','10 years 11 months','Male',8,3,'332',1,'user',1,NULL,1,'2026-02-05 02:56:40','2026-02-05 08:26:41',0,NULL),(427,'284','R. C. Gavesh Siriwansa','superadmin','Human Resources & Industrial Relations Manager','HR','730481063V','1973-02-17',52,'2015-04-01','10 years 10 months','Male',3,5,'521',5,'superadmin',5,'$2y$10$rBsHLo7IV7LvwcKm2yoVb.IeyksVLrFemsY8oOZfb/u.o8QAV5rSG',1,'2026-02-05 02:56:40','2026-02-28 18:32:17',0,NULL),(428,'286','S. G. Terance Esdoor','user','Supervisor - Material Processing','Material Processing','832362190V','1983-08-23',42,'2015-06-01','10 years 8 months','Male',8,3,'494',1,'user',1,NULL,1,'2026-02-05 02:56:40','2026-02-05 08:26:41',0,NULL),(429,'288','K. Kaduge Jayarathna','user','Driver','Material Processing','721903079V','1972-08-07',53,'2015-06-01','10 years 8 months','Male',9,2,'109',1,'user',1,NULL,1,'2026-02-05 02:56:40','2026-02-05 08:26:41',0,NULL),(430,'291','I. R. M. D. Kumara Idamgamagedara','user','Driver','Material Processing','792143113V','1979-01-08',47,'2015-06-01','10 years 8 months','Male',9,2,'109',1,'user',1,NULL,1,'2026-02-05 02:56:40','2026-02-05 08:26:41',0,NULL),(431,'293','W. A. A. Danushka Weerasinghe','user','Team Leader-Quality','QHS','943234523V','1994-11-18',31,'2015-06-01','10 years 8 months','Male',9,2,'38',1,'user',1,NULL,1,'2026-02-05 02:56:40','2026-02-05 08:26:41',0,NULL),(432,'297','P. A. Rohan Premarathne','user','Executive - Procurement','Supply Chain & Logistics','852630388V','1985-09-19',40,'2015-06-30','10 years 7 months','Male',6,3,'20',1,'user',1,NULL,1,'2026-02-05 02:56:40','2026-02-05 08:26:41',0,NULL),(433,'305','D. M. A. Kumara Dissanayake','user','Driver','HR','790171640v','1979-01-17',47,'2015-10-19','10 years 3 months','Male',9,3,'502',1,'user',1,NULL,1,'2026-02-05 02:56:40','2026-02-05 08:26:41',0,NULL),(434,'308','W. Wanniarachchige Punyadasa','user','Supervisor - Automobile','Maintenance','690751135v','1969-03-15',56,'2015-11-16','10 years 2 months','Male',8,3,'464',1,'user',1,NULL,1,'2026-02-05 02:56:40','2026-02-05 07:22:06',0,NULL),(435,'312','W. A. K. Prabath Weerasinghe','user','Machine Operator','Production','911323249V','1991-11-05',34,'2016-04-01','9 years 10 months','Male',9,1,'254',1,'user',1,NULL,1,'2026-02-05 02:56:40','2026-02-05 08:26:41',0,NULL),(436,'313','K. M. R. Kumara Lakmal','user','Production Supervisor','Production','760753335V','1976-03-15',49,'2016-05-16','9 years 8 months','Male',8,2,'77',1,'user',1,NULL,1,'2026-02-05 02:56:40','2026-02-05 08:26:41',0,NULL),(437,'315','A. M. N. Chamara Abeykoon','user','Quality Supervisor','QHS','883480821V','1988-12-13',37,'2016-06-06','9 years 7 months','Male',8,1,'63',1,'user',1,NULL,1,'2026-02-05 02:56:40','2026-02-05 08:26:41',0,NULL),(438,'322','R. M. K. Madhushan Rathnayaka','user','Senior Executive - R&D and Sustainability','Production','900860072V','1990-03-26',35,'2016-08-01','9 years 6 months','Male',5,3,'504',1,'user',1,NULL,1,'2026-02-05 02:56:40','2026-02-05 08:26:41',0,NULL),(439,'323','H. Janaki Madhubhashini','user','Assistant Manager-Quality Assurance','QHS','885082483V','1988-01-08',38,'2016-08-08','9 years 5 months','Female',4,5,'504',1,'user',1,NULL,1,'2026-02-05 02:56:40','2026-02-05 08:26:41',0,NULL),(440,'324','M. A. P. Priyankara Rupasinha','user','Executive - Finance','Finance','199022404000\'','1990-08-11',35,'2016-08-18','9 years 5 months','Male',6,5,'497',1,'user',1,NULL,1,'2026-02-05 02:56:40','2026-02-05 08:26:41',0,NULL),(441,'332','B. M. Dilshan Banneheka','user','Assistant Manager - Production','Production','830402985V','1983-09-02',42,'2016-10-01','9 years 4 months','Male',4,3,'91',1,'user',1,NULL,1,'2026-02-05 02:56:40','2026-02-05 08:26:41',0,NULL),(442,'333','K. Ruwan Rajapakse','user','Managing Director','Production','741711982V','1974-06-19',51,'2016-10-17','9 years 3 months','Male',1,5,NULL,1,'user',1,NULL,1,'2026-02-05 02:56:40','2026-02-05 08:26:40',0,NULL),(443,'336','A. K. Kankanamge Ranjith','user','Driver','HR','693121485V','1969-11-07',56,'2016-11-19','9 years 2 months','Male',9,5,'40',1,'user',1,'$2y$10$hs032uxYaio6/7VOdAw1O.kuAPkfbIHa0LcJu8f5ZC1MHz4VBhdxK',1,'2026-02-05 02:56:40','2026-02-20 06:32:20',0,NULL),(444,'337','J. M. D. Dinesh Jayasundara','user','Senior Supervisor -Material processing','Material Processing','843554857V','1984-12-20',41,'2017-01-01','9 years 1 months','Male',8,3,'494',1,'user',1,NULL,1,'2026-02-05 02:56:40','2026-02-05 08:26:41',0,NULL),(445,'341','W. A. I. Lakmal Weerasekara','user','Junior Executive - QHS','QHS','973481436V','1997-12-13',28,'2017-02-01','9 years 0 months','Male',7,3,'258',1,'user',1,NULL,1,'2026-02-05 02:56:40','2026-02-05 08:26:41',0,NULL),(446,'342','W. M. P. Chamara Kumarasinghe','user','QHS Supervisor','QHS','922971757V','1992-10-23',33,'2017-02-01','9 years 0 months','Male',8,2,'38',1,'user',1,'$2y$10$Eg4hOjmaX.JaHzKiB5Y.YOYg/JMeH527sPC8KD9nPZ8f/l.ea1y8O',1,'2026-02-05 02:56:40','2026-02-12 12:41:47',0,NULL),(447,'346','M. M. Susantha Wickramarathna','user','Driver','Material Processing','863502080V','1986-12-15',39,'2017-04-19','8 years 9 months','Male',9,3,'494',1,'user',1,NULL,1,'2026-02-05 02:56:40','2026-02-05 08:26:41',0,NULL),(448,'350','W. Nimal Aberathna','user','Manual Worker','Production','751172508V','1975-04-26',50,'2017-04-19','8 years 9 months','Male',9,3,'431',1,'user',1,NULL,1,'2026-02-05 02:56:40','2026-02-05 08:26:41',0,NULL),(449,'352','A. M. H. Pradeep Senarathna','user','Assistant Manager-Financial Accounting','Finance','861163237V','1986-04-25',39,'2017-05-02','8 years 9 months','Male',4,5,'497',1,'user',1,'$2y$10$x6gf2SWUWhD3QwhqASAgDuiv6pVqnHjH8YSZsgjtFIeKsJsgHLVGW',1,'2026-02-05 02:56:40','2026-02-22 10:36:06',0,NULL),(450,'356','R. M. J. Kumara Rathnayaka','user','Driver','Material Processing','790031296V','1979-03-01',46,'2017-06-19','8 years 7 months','Male',9,3,'494',1,'user',1,NULL,1,'2026-02-05 02:56:40','2026-02-05 08:26:41',0,NULL),(451,'357','I. G. S. Manjula Rathnayaka','user','Welder/Fitter','Maintenance','751172729V','1975-04-26',50,'2017-06-19','8 years 7 months','Male',9,3,'464',1,'user',1,NULL,1,'2026-02-05 02:56:40','2026-02-05 08:26:41',0,NULL),(452,'359','W. M. Idunil Rangana','user','Welder-Multi Skill','Maintenance','941113079V','1994-04-20',31,'2017-06-19','8 years 7 months','Male',9,3,'464',1,'user',1,NULL,1,'2026-02-05 02:56:40','2026-02-05 08:26:41',0,NULL),(453,'361','T. Chinthaka Ranjeewa','user','Welder-Multi Skill','Maintenance','971092831V','1997-04-18',28,'2017-06-19','8 years 7 months','Male',9,3,'464',1,'user',1,NULL,1,'2026-02-05 02:56:40','2026-02-05 08:26:41',0,NULL),(454,'362','U. B. M. A. Chandrasiri Bamunuthissa','user','Senior Technician','Maintenance','952070207V','1995-07-25',30,'2017-06-19','8 years 7 months','Male',9,3,'464',1,'user',1,NULL,1,'2026-02-05 02:56:40','2026-02-05 08:26:41',0,NULL),(455,'364','R. A. G. Thusiri Rajapakse','user','Senior Executive-Procurement','Supply Chain & Logistics','831540842V','1983-06-02',42,'2010-07-10','15 years 6 months','Male',5,5,'20',1,'user',1,NULL,1,'2026-02-05 02:56:40','2026-02-05 08:26:41',0,NULL),(456,'365','K. A. P. Siri Abeysekara','user','Engineering Manager','Maintenance','790471130V','1979-02-16',46,'2017-07-14','8 years 6 months','Male',3,5,'521',1,'user',1,NULL,1,'2026-02-05 02:56:40','2026-02-05 08:26:41',0,NULL),(457,'366','K. H. A. U. Subodhana Shrimal','user','Electrician - Maintenance','Maintenance','951950343V','1995-07-13',30,'2017-07-19','8 years 6 months','Male',9,3,'464',1,'user',1,NULL,1,'2026-02-05 02:56:40','2026-02-05 08:26:41',0,NULL),(458,'377','K. R. Rukshan Somasiri','user','Electrician','Maintenance','921081545V','1992-04-17',33,'2018-05-21','7 years 8 months','Male',9,2,'463',1,'user',1,NULL,1,'2026-02-05 02:56:40','2026-02-05 08:26:41',0,NULL),(459,'383','H. P. I. Naleen Kumara','user','Driver','Material Processing','840784215V???','1984-03-18',41,'2018-08-19','7 years 5 months','Male',9,2,'109',1,'user',1,NULL,1,'2026-02-05 02:56:40','2026-02-05 08:26:41',0,NULL),(460,'384','M. P. Asanka Pathirana','user','Driver','HR','941104630V','1994-04-19',31,'2018-08-19','7 years 5 months','Male',9,5,'40',1,'user',1,'$2y$10$yMqI0TTWUB5949chfg22e.SVI7X.LNRTq4gFK1xWvBAmtQ6saUwk.',1,'2026-02-05 02:56:40','2026-02-09 03:47:26',0,NULL),(461,'385','W. Jayawardhanalage Priyadarshana','user','Senior Supervisor ? Production','Production','831652012V','1983-06-13',42,'2018-09-03','7 years 5 months','Male',8,3,'332',1,'user',1,NULL,1,'2026-02-05 02:56:40','2026-02-05 08:26:41',0,NULL),(462,'386','W. A. D. Ruchiranga Wijesuriya','user','Team Leader - Quality','QHS','941951198V','1994-07-13',31,'2018-09-19','7 years 4 months','Male',9,2,'38',1,'user',1,'$2y$10$aUFRxkUXqc3SSGglZOLmROo3ckLjPh/vbGTacgqCWzktfer5XC/US',1,'2026-02-05 02:56:40','2026-02-13 03:17:56',0,NULL),(463,'389','D. R. Thilakaratna Jayasundara','user','Welder','Maintenance','973020226V','1997-10-28',28,'2018-09-19','7 years 4 months','Male',9,3,'464',1,'user',1,NULL,1,'2026-02-05 02:56:40','2026-02-05 08:26:41',0,NULL),(464,'397','K. I. Upeksha Jayathilake','user','Executive - Finance','Finance','945580607V','1994-02-27',31,'2019-01-03','7 years 1 months','Female',6,5,'497',1,'user',1,NULL,1,'2026-02-05 02:56:40','2026-02-05 08:26:41',0,NULL),(465,'405','R. A. Lionel Ranaweera','user','Production Assistant','Production','791034531V','1979-04-12',46,'2019-04-19','6 years 9 months','Male',9,2,'77',1,'user',1,NULL,1,'2026-02-05 02:56:40','2026-02-05 08:26:41',0,NULL),(466,'406','S. Sulochana Wickramasiri','user','Junior Executive - Plantation','Production','920641423V','1992-03-04',33,'2019-05-19','6 years 8 months','Male',7,3,'91',1,'user',1,NULL,1,'2026-02-05 02:56:40','2026-02-05 08:26:41',0,NULL),(467,'408','M. S. Pradeep Kumara','user','Heavy Vehicle Operator','Material Processing','920893414V','1992-03-29',33,'2019-07-19','6 years 6 months','Male',9,3,'494',1,'user',1,NULL,1,'2026-02-05 02:56:40','2026-02-05 08:26:41',0,NULL),(468,'410','W. M. Nishshanka Bandara','user','Asst:Superviosor - Production','Production','821574765V','1982-05-06',43,'2019-08-19','6 years 5 months','Male',9,3,'332',1,'user',1,NULL,1,'2026-02-05 02:56:40','2026-02-05 08:26:41',0,NULL),(469,'420','P. G. T. Dhananjaya Polgolla','user','Executive-Material Sourcing','Material Processing','962392741V','1996-08-26',29,'2019-11-04','6 years 3 months','Male',6,3,'91',1,'user',1,NULL,1,'2026-02-05 02:56:40','2026-02-05 08:26:41',0,NULL),(470,'421','R. M. P. Chamara Bandara','user','Account Manager - South/South East Asia','Global','921060149V','1992-04-15',33,'2019-12-09','6 years 1 months','Male',3,5,'521',1,'user',1,NULL,1,'2026-02-05 02:56:40','2026-02-05 12:24:17',0,NULL),(471,'422','A. M. P. Nirasha Adikari','user','Production Supervisor','Production','981441109V','1998-05-23',27,'2020-01-01','6 years 1 months','Male',8,2,'77',1,'user',1,'$2y$10$oMQ..MFPgB4IqEOMSopQDuhY0WtISIAemYlbkQHrmlbUGI.REfLC2',1,'2026-02-05 02:56:40','2026-02-19 07:56:38',0,NULL),(472,'425','W. E. M. Anura Ekanayaka','user','Production Supervisor','Production','932101858V','1993-07-28',32,'2020-03-03','5 years 11 months','Male',8,3,'332',1,'user',1,NULL,1,'2026-02-05 02:56:40','2026-02-05 08:26:41',0,NULL),(473,'426','K. A. A. Ruwan Kumara','user','Heavy Vehicle Operator','Material Processing','971960019V','1997-07-14',28,'2020-05-19','5 years 8 months','Male',9,3,'494',1,'user',1,NULL,1,'2026-02-05 02:56:40','2026-02-05 08:26:41',0,NULL),(474,'429','H. P. M. Sampath Wijesinghe','user','QHS Team Lead-3P Operations','QHS','942383452V','1994-08-25',31,'2020-05-19','5 years 8 months','Male',9,3,'258',1,'user',1,NULL,1,'2026-02-05 02:56:40','2026-02-05 08:26:41',0,NULL),(475,'431','S. M. H. Shanika Senanayake','user','Senior Supervisor - Production','Production','852651946V','1985-09-21',40,'2020-07-01','5 years 7 months','Male',8,3,'332',1,'user',1,NULL,1,'2026-02-05 02:56:40','2026-02-05 08:26:41',0,NULL),(476,'439','H. M. D. Nilanga Herath','user','Quality Officer','QHS','975022242V','1997-01-02',29,'2021-02-01','5 years 0 months','Male',9,3,'258',1,'user',1,NULL,1,'2026-02-05 02:56:40','2026-02-05 08:26:41',0,NULL),(477,'443','N. A. D. Supun Nandasiri','admin','Admin & HR Officer','HR','960341805V','1996-03-02',29,'2021-04-01','4 years 10 months','Male',8,2,'40',4,'admin',4,'$2y$10$DvVtD1TTFitDeSLy50KAz.A9e4TCu4OYUaod2bV6XLjSNSlIG8SlG',1,'2026-02-05 02:56:40','2026-02-28 18:32:17',0,NULL),(478,'448','A. M. I. Sandaruwan Abeysinghe','user','Mechanical Technician','Maintenance','972440523V','1997-08-31',28,'2021-08-01','4 years 6 months','Male',9,3,'464',1,'user',1,NULL,1,'2026-02-05 02:56:40','2026-02-05 07:21:00',0,NULL),(479,'449','H. M. S. Kumara Herath','user','Mechanical Technician','Maintenance','198621003718\'','1986-07-28',39,'2021-08-01','4 years 6 months','Male',9,3,'464',1,'user',1,NULL,1,'2026-02-05 02:56:40','2026-02-05 07:21:20',0,NULL),(480,'450','K. A. K. Sumith Kumara','user','Heavy Vehicle Operator','Material Processing','852544341V','1985-10-09',40,'2021-08-01','4 years 6 months','Male',9,2,'109',1,'user',1,NULL,1,'2026-02-05 02:56:40','2026-02-05 08:26:41',0,NULL),(481,'454','E. A. A. Madhushanka Edirisinghe','user','Workshop Assistant','Maintenance','200031701898\'','2000-11-12',25,'2021-10-05','4 years 4 months','Male',9,1,'7',1,'user',1,NULL,1,'2026-02-05 02:56:40','2026-02-05 08:26:41',0,NULL),(482,'455','A. G. D. Prasanna Kumara','user','Mechanical Technician','Maintenance','873350385V','1987-11-30',38,'2021-11-01','4 years 3 months','Male',9,3,'464',1,'user',1,'$2y$10$MeJ9iplNV8Yy9dyGRQNSceMpfeZlDzmxfxK3TT3WxrSICQJQfOaq2',1,'2026-02-05 02:56:40','2026-02-20 21:25:43',0,NULL),(483,'456','D. M. K. Gayan Senanayaka','user','Senior Executive - Operational Excellence, Health, Safety & Security','QHS','941521827V','1994-05-31',31,'2021-12-20','4 years 1 months','Male',5,5,'504',1,'user',1,NULL,1,'2026-02-05 02:56:40','2026-02-05 08:26:41',0,NULL),(484,'458','H. A. Ananda Jayarathna','user','Assistant Supervisor- Production','Production','900091265V','1990-09-01',35,'2022-01-01','4 years 1 months','Male',9,3,'332',1,'user',1,NULL,1,'2026-02-05 02:56:40','2026-02-05 08:26:41',0,NULL),(485,'459','M. A. S. Sadun Nayanajith','user','Heavy Vehicle Operator','Material Processing','971442697V','1997-05-23',28,'2022-01-01','4 years 1 months','Male',9,3,'494',1,'user',1,NULL,1,'2026-02-05 02:56:40','2026-02-05 08:26:41',0,NULL),(486,'460','P. P. Kaveesha Kalshan','user','Supervisor - Drying Yards','Material Processing','992860600V','1999-10-12',26,'2022-01-01','4 years 1 months','Male',8,3,'494',1,'user',1,NULL,1,'2026-02-05 02:56:40','2026-02-05 08:26:41',0,NULL),(487,'461','P. S. Sananjaya Perera','user','ETP Operator','Production','951901610','1995-07-08',30,'2022-01-01','4 years 1 months','Male',9,3,'322',1,'user',1,NULL,1,'2026-02-05 02:56:41','2026-02-05 08:26:41',0,NULL),(488,'462','I. D. Sandaruwan Ilesinghe','user','Electrical Technician','Maintenance','873452366V','1987-10-12',38,'2022-04-01','3 years 10 months','Male',9,3,'464',1,'user',1,NULL,1,'2026-02-05 02:56:41','2026-02-05 12:23:15',0,NULL),(489,'463','K. G. Buddhika Bandara','user','Senior Design Engineer (Senior Executive)','Maintenance','851841059V','1985-02-07',40,'2022-04-05','3 years 10 months','Male',5,4,'365',1,'user',1,NULL,1,'2026-02-05 02:56:41','2026-02-05 08:26:41',0,NULL),(490,'464','W. P. A. L. D. Dilum Eshan','user','Maintenance Engineer (Senior Executive)','Maintenance','882140458V','1988-08-01',37,'2022-05-10','3 years 8 months','Male',5,3,'365',1,'user',1,NULL,1,'2026-02-05 02:56:41','2026-02-05 08:26:41',0,NULL),(491,'467','W. G. H. Kumara Jayarathna','user','Quality Officer','QHS','1.99E+11','2001-08-06',24,'2022-07-01','3 years 7 months','Male',9,3,'258',1,'user',1,NULL,1,'2026-02-05 02:56:41','2026-02-05 08:26:41',0,NULL),(492,'468','G. A. Prabuddhika Vinod','user','Supervisor - QHS','QHS','1.99E+11','1994-10-20',31,'2022-07-01','3 years 7 months','Male',8,3,'258',1,'user',1,NULL,1,'2026-02-05 02:56:41','2026-02-05 08:26:41',0,NULL),(493,'469','K. B. U. Pubudu Kumara','user','Machine Operator','Maintenance','2.00E+11','1999-04-26',26,'2022-07-01','3 years 7 months','Male',9,2,'463',1,'user',1,NULL,1,'2026-02-05 02:56:41','2026-02-05 08:26:41',0,NULL),(494,'473','K. D. C. Jayamini Kasthurisinghe','user','Executive - Logistics','Supply Chain & Logistics','952521004V','1995-09-08',30,'2022-08-22','3 years 5 months','Male',6,5,'20',1,'user',1,NULL,1,'2026-02-05 02:56:41','2026-02-05 08:26:41',0,NULL),(495,'475','H. M. M. Lasanthika Herath','admin','Admin & HR Officer','HR','9282344100V','1992-11-18',33,'2022-09-01','3 years 5 months','Male',8,3,'502',4,'user',1,'$2y$10$MEHBm..d1Eh8iQ65p7HjOe4XQjKk0HbGxcGjC7gXPmCo/IRZw5OQS',1,'2026-02-05 02:56:41','2026-03-12 10:23:11',0,NULL),(496,'476','H. M. L. Sajith Gunawardana','user','Senior Executive - IT & Systems Administration','IT','2.00E+11','1998-11-15',27,'2022-09-21','3 years 4 months','Male',5,5,'284',1,'user',1,'$2y$10$wMag.BftisKhnY1SPtDPVOCSR1mXApO/gOBvhfVDi5Vfkz205/anu',1,'2026-02-05 02:56:41','2026-02-19 07:52:01',0,NULL),(497,'478','W. M. T. Maduranga Mayadunna','user','Finance Executive','Finance','952190644V','1995-08-06',30,'2023-03-09','2 years 10 months','Male',6,3,'497',1,'user',1,NULL,1,'2026-02-05 02:56:41','2026-02-05 08:26:41',0,NULL),(498,'479','M. M. R. Susantha Manchanayaka','user','Driver','Material Processing','801895271V','1980-07-07',45,'2023-07-01','2 years 7 months','Male',9,3,'494',1,'user',1,NULL,1,'2026-02-05 02:56:41','2026-02-05 08:26:41',0,NULL),(499,'480','K. B. Jayantha Thilakarathna','user','Driver','Material Processing','803015406V','1980-10-27',45,'2023-07-01','2 years 7 months','Male',9,3,'494',1,'user',1,NULL,1,'2026-02-05 02:56:41','2026-02-05 08:26:41',0,NULL),(500,'481','M. D. L. Supun Ishara','user','Driver','Material Processing','903571772V','1990-12-22',35,'2023-07-01','2 years 7 months','Male',9,3,'494',1,'user',1,NULL,1,'2026-02-05 02:56:41','2026-02-05 08:26:41',0,NULL),(501,'482','W. D. Chaminda Fernando','user','Senior Executive - Logistics','Supply Chain & Logistics','750610714V','1975-03-01',50,'2023-08-14','2 years 5 months','Male',5,5,'20',1,'user',1,NULL,1,'2026-02-05 02:56:41','2026-02-05 08:26:41',0,NULL),(502,'484','G. E. Sandaruwan Nayanapriya','superadmin','Junior Executive - HR & Admin','HR','990460655V','1999-02-15',26,'2023-09-11','2 years 4 months','Male',7,5,'284',5,'superadmin',5,'$2y$10$7GqfUXN2oRCje/Hfs4jJ7OAwg.5BVI1R/67Z2lpERWZeKHBiQrbl6',1,'2026-02-05 02:56:41','2026-02-28 18:32:17',0,NULL),(503,'485','R. P. Sisira Kumara','user','Maintenance Technician','Maintenance','882912523V','1988-10-17',37,'2023-11-01','2 years 3 months','Male',9,3,'464',1,'user',1,NULL,1,'2026-02-05 02:56:41','2026-02-05 08:26:41',0,NULL),(504,'486','G. A. S. Kumara Karunarathna','user','Store Keeper','Production','1.99E+11','1987-02-28',38,'2023-11-12','2 years 2 months','Male',8,3,'478',1,'user',1,NULL,1,'2026-02-05 02:56:41','2026-02-05 08:26:41',0,NULL),(505,'490','K. G. K. Deepashan Rajakaruna','user','QHS Supervisor','QHS','983131123V','1998-11-08',27,'2024-02-01','2 years 0 months','Male',8,3,'258',1,'user',1,NULL,1,'2026-02-05 02:56:41','2026-02-05 08:26:41',0,NULL),(506,'491','R. W. S. Chandula Somaratna','user','Customer Service Representative/Inside Sales Representative','Global','870631340v','1987-03-03',38,'2024-02-12','1 years 11 months','Male',5,5,'162',1,'user',1,NULL,1,'2026-02-05 02:56:41','2026-02-05 12:24:34',0,NULL),(507,'492','K. A. S. Kavindi Jayasekara','user','Senior Executive-Logistics','Supply Chain & Logistics','968231839V','1996-11-18',29,'2024-03-04','1 years 11 months','Female',5,5,'20',1,'user',1,NULL,1,'2026-02-05 02:56:41','2026-02-05 08:26:41',0,NULL),(508,'493','S. M. T. Kaushalya Subasinghe','user','Customer Service Representative (Senior Executive)','Global','875312766V','1987-01-31',39,'2024-03-07','1 years 10 months','Female',5,5,'162',1,'user',1,NULL,1,'2026-02-05 02:56:41','2026-02-05 12:24:55',0,NULL),(509,'494','R. M. C. Madhusanka Rathnayaka','supervisor','Executive - Material Processing','Material Processing','962161987V','1996-08-03',29,'2024-03-12','1 years 11 months','Male',6,3,'91',2,'supervisor',2,'$2y$10$t.VSyxyoQL2/qm8TAGHExe8hyOqjg26eOPn1xsTQDvTwWO.F42E5y',1,'2026-02-05 02:56:41','2026-02-28 18:32:17',0,NULL),(510,'495','M. M. S. Indrajith Gunasekara','user','Driver','Supply Chain & Logistics','920992145V','1992-08-04',33,'2024-04-01','1 years 10 months','Male',9,3,'297',1,'user',1,NULL,1,'2026-02-05 02:56:41','2026-02-05 08:26:41',0,NULL),(511,'496','K. N. Wijitha Dharmasri','user','Quality Officer','QHS','972462837V','1997-09-02',28,'2024-04-01','1 years 10 months','Male',9,3,'258',1,'user',1,NULL,1,'2026-02-05 02:56:41','2026-02-05 08:26:41',0,NULL),(512,'497','Nishantha Tilakaratne','manager','Finance Manager','Finance','671680561V','1970-06-16',55,'2024-06-01','1 years 8 months','Male',3,5,'521',3,'manager',1,'$2y$10$Ag2zMyuI.tuMzOwpwZjeVePG7uv8zejL6fTrSXG.wWN1oRkxb6Gme',1,'2026-02-05 02:56:41','2026-02-28 18:32:17',1,'2026-02-23 16:45:04'),(513,'498','K. W. G. M. Pubudu Gajanayake','user','Quality Officer','QHS','2.00E+11','2001-02-03',25,'2024-06-01','1 years 8 months','Male',9,1,'63',1,'user',1,NULL,1,'2026-02-05 02:56:41','2026-02-05 08:26:41',0,NULL),(514,'499','W. D. Mandeera Perera','user','Executive - Procurement','Supply Chain & Logistics','832150118V','1983-08-02',42,'2024-07-08','1 years 6 months','Male',6,5,'20',1,'user',1,NULL,1,'2026-02-05 02:56:41','2026-02-05 08:26:41',0,NULL),(515,'500','I. P. Pushpakumara Jayalath','user','Tractor Driver','Material Processing','1.98E+11','1978-04-01',47,'2024-07-01','1 years 7 months','Male',9,2,'109',1,'user',1,NULL,1,'2026-02-05 02:56:41','2026-02-05 08:26:41',0,NULL),(516,'501','W. S. Nilupul Sirikumara','user','Quality Officer','QHS','992010363V','1999-07-19',26,'2024-08-01','1 years 6 months','Male',9,3,'258',1,'user',1,NULL,1,'2026-02-05 02:56:41','2026-02-05 08:26:41',0,NULL),(517,'502','D. M. A. Bandara Dissanayake','user','Coordinating Officer-Industrial Relations & Sustainability','HR','800791090v','1980-03-19',45,'2024-09-01','1 years 5 months','Male',5,3,'40',1,'user',1,NULL,1,'2026-02-05 02:56:41','2026-02-05 08:26:41',0,NULL),(518,'504','T. Kasun Manamendra','manager','Sn. Manager-Quality, Health, Safety & Operational Excellence','QHS','823091346V','1982-04-11',43,'2024-11-01','1 years 3 months','Male',3,5,'521',3,'manager',3,'$2y$10$1jQZKn1qkVEDjeW39.FSo.aI495KwN6H.jJCHI1rWwqrI446U4Spi',1,'2026-02-05 02:56:41','2026-02-28 18:32:17',0,NULL),(519,'505','R. P. N. Ashoka Kumara','user','Driver','Material Processing','843443907V','1984-09-12',41,'2024-11-01','1 years 3 months','Male',9,2,'109',1,'user',1,NULL,1,'2026-02-05 02:56:41','2026-02-05 08:26:41',0,NULL),(520,'507','R. M. S. Asiri Ranasinghe','user','Stores Assistant','Production','992280263V','1999-08-15',26,'2025-03-01','0 years 11 months','Male',9,3,'476',1,'user',1,NULL,1,'2026-02-05 02:56:41','2026-02-05 08:26:41',0,NULL),(521,'508','S. A. Sanjana Ranaweera','user','Junior Executive - Warehouse Operations &Tray Production','Production','2.00E+11','2000-12-11',25,'2025-03-19','0 years 10 months','Male',7,1,'91',1,'user',1,NULL,1,'2026-02-05 02:56:41','2026-02-05 08:26:41',0,NULL),(522,'512','P. M. Pramukha Rasanjana','user','Quality Officer','QHS','981251105V','1998-05-04',27,'2025-06-01','0 years 8 months','Male',9,2,'38',1,'user',1,NULL,1,'2026-02-05 02:56:41','2026-02-05 08:26:41',0,NULL),(523,'513','U. K. K. Hasthajith Dharmarathna','user','Senior Executive - Logistics','Supply Chain & Logistics','911662329V','1991-06-14',34,'2025-09-01','0 years 5 months','Male',5,5,'20',1,'user',1,NULL,1,'2026-02-05 02:56:41','2026-02-05 08:26:41',0,NULL),(524,'514','W. Lakshitha Manula','user','Machine Operator','Maintenance','2.01E+11','2005-10-18',20,'2025-10-01','0 years 4 months','Male',9,2,'463',1,'user',1,NULL,1,'2026-02-05 02:56:41','2026-02-05 08:26:41',0,NULL),(525,'515','S. P. M. Malshan Wickramasinghe','user','Quality Officer','QHS','992450371V','1999-09-01',26,'2025-11-01','0 years 3 months','Male',9,3,'258',1,'user',1,NULL,1,'2026-02-05 02:56:41','2026-02-05 08:26:41',0,NULL),(526,'516','M. V. Sampath Thilakasiri','user','Junior Executive ? QA (Material Sourcing)','QHS','2.00E+11','2000-12-11',25,'2025-11-26','0 years 2 months','Male',7,3,'258',1,'user',1,NULL,1,'2026-02-05 02:56:41','2026-02-05 08:26:41',0,NULL),(527,'517','M. R. Prasad Madhuwantha','user','Intake Officer','Material Processing','2.00E+11','1999-10-06',26,'2025-12-02','0 years 2 months','Male',9,3,'420',1,'user',1,NULL,1,'2026-02-05 02:56:41','2026-02-05 08:26:41',0,NULL),(528,'518','P. L. A. Semini Wijesinghe','user','Quality Assurance Supervisor Material Intake & Field','QHS','2.00E+11','2000-11-19',25,'2025-12-16','0 years 1 months','Male',8,3,'258',1,'user',1,NULL,1,'2026-02-05 02:56:41','2026-02-05 08:26:41',0,NULL),(529,'519','R. M. N. N. Nayanajith Rajakaruna','user','Filed Officer','Material Processing','2.00E+11','2003-09-28',22,'2025-12-18','0 years 1 months','Male',9,3,'420',1,'user',1,NULL,1,'2026-02-05 02:56:41','2026-02-05 08:26:41',0,NULL),(530,'520','A. D. Wathsara Nadeeshan','user','QA Officer','QHS','2.00E+11','2000-11-05',25,'2026-01-01','0 years 1 months','Male',9,3,'258',1,'user',1,'$2y$10$0z2vUbfrhPIyxp91CWxCluf/0xB2HD.xbQ9.UgCHlooteB7aDpDFi',1,'2026-02-05 02:56:41','2026-02-20 02:55:21',0,NULL),(531,'521','W.M. Wickum Chandana','manager','General Manager','Production','691230805V','1969-05-05',56,'2026-02-02','0 years 0 months','Male',2,5,'333',3,'manager',3,'$2y$10$hoqF2twJyEwPDeHvk3cqf.GkgJksEmqjxyhFUK5X0hg7TtceHZ00a',1,'2026-02-05 02:56:41','2026-02-28 18:32:17',0,NULL);
/*!40000 ALTER TABLE `employees` ENABLE KEYS */;
UNLOCK TABLES;

--
-- Dumping data for table `employment_levels`
--

LOCK TABLES `employment_levels` WRITE;
/*!40000 ALTER TABLE `employment_levels` DISABLE KEYS */;
INSERT INTO `employment_levels` (`id`, `level_name`, `level_order`, `description`, `is_active`, `created_at`, `updated_at`) VALUES (1,'MD',1,NULL,1,'2026-02-04 18:45:49','2026-02-04 18:45:49'),(2,'GM',2,NULL,1,'2026-02-04 18:45:49','2026-02-04 18:45:49'),(3,'Manager',3,NULL,1,'2026-02-04 18:45:49','2026-02-04 18:45:49'),(4,'Assistant Manager',4,NULL,1,'2026-02-04 18:45:49','2026-02-04 18:45:49'),(5,'Senior Executive',5,NULL,1,'2026-02-04 18:45:49','2026-02-04 18:45:49'),(6,'Executive',6,NULL,1,'2026-02-04 18:45:49','2026-02-04 18:45:49'),(7,'Junior Executive',7,NULL,1,'2026-02-04 18:45:49','2026-02-04 18:45:49'),(8,'Supervisor',8,NULL,1,'2026-02-04 18:45:49','2026-02-04 18:45:49'),(9,'Staff',9,NULL,1,'2026-02-04 18:45:49','2026-02-04 18:45:49');
/*!40000 ALTER TABLE `employment_levels` ENABLE KEYS */;
UNLOCK TABLES;

--
-- Dumping data for table `locations`
--

LOCK TABLES `locations` WRITE;
/*!40000 ALTER TABLE `locations` DISABLE KEYS */;
INSERT INTO `locations` (`id`, `location_name`, `address`, `is_active`, `created_at`, `updated_at`) VALUES (1,'7C',NULL,1,'2026-02-04 18:45:49','2026-02-04 18:45:49'),(2,'Pannala',NULL,1,'2026-02-04 18:45:49','2026-02-04 18:45:49'),(3,'Kobeigane',NULL,1,'2026-02-04 18:45:49','2026-02-04 18:45:49'),(4,'JECOE',NULL,1,'2026-02-04 18:45:49','2026-02-04 18:45:49'),(5,'Head Office',NULL,1,'2026-02-04 18:45:49','2026-02-04 18:45:49');
/*!40000 ALTER TABLE `locations` ENABLE KEYS */;
UNLOCK TABLES;

--
-- Dumping data for table `permissions`
--

LOCK TABLES `permissions` WRITE;
/*!40000 ALTER TABLE `permissions` DISABLE KEYS */;
INSERT INTO `permissions` (`id`, `module_name`, `action`, `description`, `created_at`) VALUES (1,'Performance Appraisal','performance.view','View performance appraisal data','2026-02-25 05:51:33'),(2,'Performance Appraisal','performance.staff_list','Access staff appraisal list','2026-02-25 05:51:33'),(3,'Performance Appraisal','performance.executive_list','Access executive appraisal list','2026-02-25 05:51:33'),(4,'Performance Appraisal','performance.leave_utilization','Upload and manage leave utilization data','2026-02-25 05:51:33'),(5,'Performance Appraisal','performance.staff_appraisal','Fill and submit staff appraisal forms','2026-02-25 05:51:33'),(6,'Performance Appraisal','performance.executive_appraisal','Fill and submit executive appraisal forms','2026-02-25 05:51:33'),(7,'Performance Appraisal','performance.view_marks','View completed appraisal marks and data','2026-02-25 05:51:33'),(8,'Performance Appraisal','performance.reports','Access performance reports and analytics','2026-02-25 05:51:33'),(9,'Performance Appraisal','performance.admin','Full administrative access to performance module','2026-02-25 05:51:33');
/*!40000 ALTER TABLE `permissions` ENABLE KEYS */;
UNLOCK TABLES;

--
-- Dumping data for table `role_permissions`
--

LOCK TABLES `role_permissions` WRITE;
/*!40000 ALTER TABLE `role_permissions` DISABLE KEYS */;
INSERT INTO `role_permissions` (`id`, `role`, `module`, `permission`, `granted`, `created_at`, `updated_at`) VALUES (6708,'superadmin','admin','account_types',1,'2026-03-13 12:04:14','2026-03-13 12:04:14'),(6709,'superadmin','admin','add_account_type',1,'2026-03-13 12:04:14','2026-03-13 12:04:14'),(6710,'superadmin','admin','add_dropdown_item',1,'2026-03-13 12:04:14','2026-03-13 12:04:14'),(6711,'superadmin','admin','add_employment_level',1,'2026-03-13 12:04:14','2026-03-13 12:04:14'),(6712,'superadmin','admin','add_location',1,'2026-03-13 12:04:14','2026-03-13 12:04:14'),(6713,'superadmin','admin','clear_notifications',1,'2026-03-13 12:04:14','2026-03-13 12:04:14'),(6714,'superadmin','admin','deactivate_account',1,'2026-03-13 12:04:14','2026-03-13 12:04:14'),(6715,'superadmin','admin','delete_account_type',1,'2026-03-13 12:04:15','2026-03-13 12:04:15'),(6716,'superadmin','admin','delete_dropdown_item',1,'2026-03-13 12:04:15','2026-03-13 12:04:15'),(6717,'superadmin','admin','delete_employment_level',1,'2026-03-13 12:04:15','2026-03-13 12:04:15'),(6718,'superadmin','admin','delete_location',1,'2026-03-13 12:04:15','2026-03-13 12:04:15'),(6719,'superadmin','admin','dropdown_management',1,'2026-03-13 12:04:15','2026-03-13 12:04:15'),(6720,'superadmin','admin','edit_account_type',1,'2026-03-13 12:04:15','2026-03-13 12:04:15'),(6721,'superadmin','admin','edit_dropdown_item',1,'2026-03-13 12:04:15','2026-03-13 12:04:15'),(6722,'superadmin','admin','edit_employment_level',1,'2026-03-13 12:04:15','2026-03-13 12:04:15'),(6723,'superadmin','admin','edit_location',1,'2026-03-13 12:04:15','2026-03-13 12:04:15'),(6724,'superadmin','admin','employment_levels',1,'2026-03-13 12:04:15','2026-03-13 12:04:15'),(6725,'superadmin','admin','locations',1,'2026-03-13 12:04:15','2026-03-13 12:04:15'),(6726,'superadmin','admin','password_management',1,'2026-03-13 12:04:15','2026-03-13 12:04:15'),(6727,'superadmin','admin','permissions_management',1,'2026-03-13 12:04:15','2026-03-13 12:04:15'),(6728,'superadmin','admin','reset_password',1,'2026-03-13 12:04:15','2026-03-13 12:04:15'),(6729,'superadmin','admin','reset_permissions',1,'2026-03-13 12:04:15','2026-03-13 12:04:15'),(6730,'superadmin','admin','save_permissions',1,'2026-03-13 12:04:15','2026-03-13 12:04:15'),(6731,'superadmin','admin','save_system_config',1,'2026-03-13 12:04:15','2026-03-13 12:04:15'),(6732,'superadmin','admin','system_config',1,'2026-03-13 12:04:15','2026-03-13 12:04:15'),(6733,'superadmin','admin','view',1,'2026-03-13 12:04:15','2026-03-13 12:04:15'),(6734,'superadmin','employee','bulk_upload',1,'2026-03-13 12:04:15','2026-03-13 12:04:15'),(6735,'superadmin','employee','data_monitor',1,'2026-03-13 12:04:15','2026-03-13 12:04:15'),(6736,'superadmin','employee','employee_form',1,'2026-03-13 12:04:15','2026-03-13 12:04:15'),(6737,'superadmin','employee','employee_list',1,'2026-03-13 12:04:15','2026-03-13 12:04:15'),(6738,'superadmin','employee','export_data',1,'2026-03-13 12:04:15','2026-03-13 12:04:15'),(6739,'superadmin','employee','filter_search',1,'2026-03-13 12:04:15','2026-03-13 12:04:15'),(6740,'superadmin','employee','org_chart',1,'2026-03-13 12:04:15','2026-03-13 12:04:15'),(6741,'superadmin','employee','view',1,'2026-03-13 12:04:15','2026-03-13 12:04:15'),(6742,'superadmin','employee','view_all',1,'2026-03-13 12:04:15','2026-03-13 12:04:15'),(6743,'superadmin','employee','view_details',1,'2026-03-13 12:04:15','2026-03-13 12:04:15'),(6744,'superadmin','employee','view_direct_reports',1,'2026-03-13 12:04:15','2026-03-13 12:04:15'),(6745,'superadmin','employee','view_hierarchy',1,'2026-03-13 12:04:15','2026-03-13 12:04:15'),(6746,'superadmin','employee','view_own',1,'2026-03-13 12:04:15','2026-03-13 12:04:15'),(6747,'superadmin','meal','daily_overview',1,'2026-03-13 12:04:15','2026-03-13 12:04:15'),(6748,'superadmin','meal','detailed_request_list',1,'2026-03-13 12:04:15','2026-03-13 12:04:15'),(6749,'superadmin','meal','employee_meal_counter',1,'2026-03-13 12:04:15','2026-03-13 12:04:15'),(6750,'superadmin','meal','employee_meal_request',1,'2026-03-13 12:04:15','2026-03-13 12:04:15'),(6751,'superadmin','meal','meal_analytics',1,'2026-03-13 12:04:15','2026-03-13 12:04:15'),(6752,'superadmin','meal','meal_time_manager',1,'2026-03-13 12:04:15','2026-03-13 12:04:15'),(6753,'superadmin','meal','my_meal_history',1,'2026-03-13 12:04:15','2026-03-13 12:04:15'),(6754,'superadmin','meal','quick_reports',1,'2026-03-13 12:04:15','2026-03-13 12:04:15'),(6755,'superadmin','meal','reset_employee_request',1,'2026-03-13 12:04:15','2026-03-13 12:04:15'),(6756,'superadmin','meal','submit_employee_request',1,'2026-03-13 12:04:15','2026-03-13 12:04:15'),(6757,'superadmin','meal','view',1,'2026-03-13 12:04:15','2026-03-13 12:04:15'),(6758,'superadmin','meal','visitor_meal_counter',1,'2026-03-13 12:04:15','2026-03-13 12:04:15'),(6759,'superadmin','meal','visitor_meal_request',1,'2026-03-13 12:04:15','2026-03-13 12:04:15'),(6760,'superadmin','meal','visitor_request_management',1,'2026-03-13 12:04:15','2026-03-13 12:04:15'),(6761,'superadmin','transport','cancel_request',1,'2026-03-13 12:04:15','2026-03-13 12:04:15'),(6762,'superadmin','transport','driver_pool',1,'2026-03-13 12:04:15','2026-03-13 12:04:15'),(6763,'superadmin','transport','submit_request',1,'2026-03-13 12:04:15','2026-03-13 12:04:15'),(6764,'superadmin','transport','transport_allocation',1,'2026-03-13 12:04:15','2026-03-13 12:04:15'),(6765,'superadmin','transport','transport_reports',1,'2026-03-13 12:04:15','2026-03-13 12:04:15'),(6766,'superadmin','transport','transport_request',1,'2026-03-13 12:04:15','2026-03-13 12:04:15'),(6767,'superadmin','transport','vehicle_pool',1,'2026-03-13 12:04:15','2026-03-13 12:04:15'),(6768,'superadmin','transport','vehicle_register',1,'2026-03-13 12:04:15','2026-03-13 12:04:15'),(6769,'superadmin','transport','view',1,'2026-03-13 12:04:15','2026-03-13 12:04:15'),(6770,'superadmin','grievance','case_management',1,'2026-03-13 12:04:15','2026-03-13 12:04:15'),(6771,'superadmin','grievance','filter_grievances',1,'2026-03-13 12:04:15','2026-03-13 12:04:15'),(6772,'superadmin','grievance','grievance_list',1,'2026-03-13 12:04:15','2026-03-13 12:04:15'),(6773,'superadmin','grievance','my_grievances',1,'2026-03-13 12:04:15','2026-03-13 12:04:15'),(6774,'superadmin','grievance','reports',1,'2026-03-13 12:04:15','2026-03-13 12:04:15'),(6775,'superadmin','grievance','submit_grievance',1,'2026-03-13 12:04:15','2026-03-13 12:04:15'),(6776,'superadmin','grievance','submit_grievance_form',1,'2026-03-13 12:04:15','2026-03-13 12:04:15'),(6777,'superadmin','grievance','view',1,'2026-03-13 12:04:15','2026-03-13 12:04:15'),(6778,'superadmin','requests','all_requests',1,'2026-03-13 12:04:15','2026-03-13 12:04:15'),(6779,'superadmin','requests','approve_admin',1,'2026-03-13 12:04:15','2026-03-13 12:04:15'),(6780,'superadmin','requests','approve_manager',1,'2026-03-13 12:04:15','2026-03-13 12:04:15'),(6781,'superadmin','requests','approve_supervisor',1,'2026-03-13 12:04:15','2026-03-13 12:04:15'),(6782,'superadmin','requests','my_requests',1,'2026-03-13 12:04:15','2026-03-13 12:04:15'),(6783,'superadmin','requests','reports',1,'2026-03-13 12:04:15','2026-03-13 12:04:15'),(6784,'superadmin','requests','submit_request',1,'2026-03-13 12:04:15','2026-03-13 12:04:15'),(6786,'superadmin','requests','view',1,'2026-03-13 12:04:15','2026-03-13 12:04:15'),(6787,'superadmin','requests','view_team_requests',1,'2026-03-13 12:04:15','2026-03-13 12:04:15'),(6788,'superadmin','events','calendar_view',1,'2026-03-13 12:04:15','2026-03-13 12:04:15'),(6789,'superadmin','events','event_list',1,'2026-03-13 12:04:15','2026-03-13 12:04:15'),(6790,'superadmin','events','event_management',1,'2026-03-13 12:04:15','2026-03-13 12:04:15'),(6791,'superadmin','events','view',1,'2026-03-13 12:04:15','2026-03-13 12:04:15'),(6792,'superadmin','medical','allocate_limits',1,'2026-03-13 12:04:15','2026-03-13 12:04:15'),(6793,'superadmin','medical','balance_checker',1,'2026-03-13 12:04:15','2026-03-13 12:04:15'),(6794,'superadmin','medical','monthly_claims',1,'2026-03-13 12:04:15','2026-03-13 12:04:15'),(6795,'superadmin','medical','reports',1,'2026-03-13 12:04:15','2026-03-13 12:04:15'),(6796,'superadmin','medical','spectacles_claims',1,'2026-03-13 12:04:15','2026-03-13 12:04:15'),(6797,'superadmin','medical','view',1,'2026-03-13 12:04:16','2026-03-13 12:04:16'),(6798,'superadmin','onboarding','new_onboarding',1,'2026-03-13 12:04:16','2026-03-13 12:04:16'),(6799,'superadmin','onboarding','onboarding_list',1,'2026-03-13 12:04:16','2026-03-13 12:04:16'),(6800,'superadmin','onboarding','onboarding_reports',1,'2026-03-13 12:04:16','2026-03-13 12:04:16'),(6801,'superadmin','onboarding','view',1,'2026-03-13 12:04:16','2026-03-13 12:04:16'),(6802,'superadmin','offboarding','clearance_form',1,'2026-03-13 12:04:16','2026-03-13 12:04:16'),(6803,'superadmin','offboarding','clearance_verification',1,'2026-03-13 12:04:16','2026-03-13 12:04:16'),(6804,'superadmin','offboarding','exit_interview',1,'2026-03-13 12:04:16','2026-03-13 12:04:16'),(6805,'superadmin','offboarding','offboarding_list',1,'2026-03-13 12:04:16','2026-03-13 12:04:16'),(6806,'superadmin','offboarding','offboarding_reports',1,'2026-03-13 12:04:16','2026-03-13 12:04:16'),(6807,'superadmin','offboarding','resignation_approvals',1,'2026-03-13 12:04:16','2026-03-13 12:04:16'),(6808,'superadmin','offboarding','resignation_form',1,'2026-03-13 12:04:16','2026-03-13 12:04:16'),(6809,'superadmin','offboarding','resignation_history',1,'2026-03-13 12:04:16','2026-03-13 12:04:16'),(6810,'superadmin','offboarding','retention_analytics',1,'2026-03-13 12:04:16','2026-03-13 12:04:16'),(6811,'superadmin','offboarding','view',1,'2026-03-13 12:04:16','2026-03-13 12:04:16'),(6812,'superadmin','training','budget',1,'2026-03-13 12:04:16','2026-03-13 12:04:16'),(6813,'superadmin','training','evaluation',1,'2026-03-13 12:04:16','2026-03-13 12:04:16'),(6814,'superadmin','training','feedback',1,'2026-03-13 12:04:16','2026-03-13 12:04:16'),(6815,'superadmin','training','management',1,'2026-03-13 12:04:16','2026-03-13 12:04:16'),(6816,'superadmin','training','plans',1,'2026-03-13 12:04:16','2026-03-13 12:04:16'),(6817,'superadmin','training','reports',1,'2026-03-13 12:04:16','2026-03-13 12:04:16'),(6818,'superadmin','training','requirements',1,'2026-03-13 12:04:16','2026-03-13 12:04:16'),(6819,'superadmin','training','tracker',1,'2026-03-13 12:04:16','2026-03-13 12:04:16'),(6820,'superadmin','training','view',1,'2026-03-13 12:04:16','2026-03-13 12:04:16'),(6821,'superadmin','goals','executive_list',1,'2026-03-13 12:04:16','2026-03-13 12:04:16'),(6822,'superadmin','goals','final_evaluation',1,'2026-03-13 12:04:16','2026-03-13 12:04:16'),(6823,'superadmin','goals','goal_forms',1,'2026-03-13 12:04:16','2026-03-13 12:04:16'),(6824,'superadmin','goals','goal_setting_forms',1,'2026-03-13 12:04:16','2026-03-13 12:04:16'),(6825,'superadmin','goals','kpi_tracker',1,'2026-03-13 12:04:16','2026-03-13 12:04:16'),(6826,'superadmin','goals','mid_year_review',1,'2026-03-13 12:04:16','2026-03-13 12:04:16'),(6827,'superadmin','goals','reports',1,'2026-03-13 12:04:16','2026-03-13 12:04:16'),(6828,'superadmin','goals','system_settings',1,'2026-03-13 12:04:16','2026-03-13 12:04:16'),(6829,'superadmin','goals','view',1,'2026-03-13 12:04:16','2026-03-13 12:04:16'),(6830,'superadmin','performance','executive_appraisal',1,'2026-03-13 12:04:16','2026-03-13 12:04:16'),(6831,'superadmin','performance','executive_list',1,'2026-03-13 12:04:16','2026-03-13 12:04:16'),(6832,'superadmin','performance','executive_setup',1,'2026-03-13 12:04:16','2026-03-13 12:04:16'),(6833,'superadmin','performance','executive_tracker',1,'2026-03-13 12:04:16','2026-03-13 12:04:16'),(6834,'superadmin','performance','leave_utilization',1,'2026-03-13 12:04:16','2026-03-13 12:04:16'),(6835,'superadmin','performance','reports',1,'2026-03-13 12:04:16','2026-03-13 12:04:16'),(6836,'superadmin','performance','staff_appraisal',1,'2026-03-13 12:04:16','2026-03-13 12:04:16'),(6837,'superadmin','performance','staff_list',1,'2026-03-13 12:04:16','2026-03-13 12:04:16'),(6838,'superadmin','performance','staff_marks',1,'2026-03-13 12:04:16','2026-03-13 12:04:16'),(6839,'superadmin','performance','staff_setup',1,'2026-03-13 12:04:16','2026-03-13 12:04:16'),(6840,'superadmin','performance','view',1,'2026-03-13 12:04:16','2026-03-13 12:04:16'),(6841,'superadmin','key_talent','assessment_form',1,'2026-03-13 12:04:16','2026-03-13 12:04:16'),(6842,'superadmin','key_talent','assessment_results',1,'2026-03-13 12:04:16','2026-03-13 12:04:16'),(6843,'superadmin','key_talent','candidates_list',1,'2026-03-13 12:04:16','2026-03-13 12:04:16'),(6844,'superadmin','key_talent','conduct_assessment',1,'2026-03-13 12:04:16','2026-03-13 12:04:16'),(6845,'superadmin','key_talent','form_setup',1,'2026-03-13 12:04:16','2026-03-13 12:04:16'),(6846,'superadmin','key_talent','reports',1,'2026-03-13 12:04:16','2026-03-13 12:04:16'),(6847,'superadmin','key_talent','talent_grid',1,'2026-03-13 12:04:16','2026-03-13 12:04:16'),(6848,'superadmin','key_talent','view',1,'2026-03-13 12:04:16','2026-03-13 12:04:16'),(9635,'superadmin','performance','view_marks',1,'2026-03-14 14:32:35','2026-03-14 14:32:35'),(10945,'superadmin','skill','view',1,'2026-03-14 16:24:13','2026-03-14 16:24:13'),(10946,'superadmin','skill','view_skill_matrix',1,'2026-03-14 16:24:13','2026-03-14 16:24:13'),(10947,'superadmin','skill','complete_skill_assessment',1,'2026-03-14 16:24:13','2026-03-14 16:24:13'),(10948,'superadmin','skill','skill_assessment',1,'2026-03-14 16:24:13','2026-03-14 16:24:13'),(10949,'superadmin','skill','employee_list',1,'2026-03-14 16:24:13','2026-03-14 16:24:13'),(10950,'superadmin','skill','assessment_reports',1,'2026-03-14 16:24:13','2026-03-14 16:24:13'),(10951,'superadmin','skill','matrix_setup',1,'2026-03-14 16:24:13','2026-03-14 16:24:13'),(11167,'user','meal','employee_meal_request',1,'2026-03-14 16:45:23','2026-03-14 16:45:23'),(11168,'user','meal','my_meal_history',1,'2026-03-14 16:45:23','2026-03-14 16:45:23'),(11169,'user','meal','reset_employee_request',1,'2026-03-14 16:45:23','2026-03-14 16:45:23'),(11170,'user','meal','submit_employee_request',1,'2026-03-14 16:45:23','2026-03-14 16:45:23'),(11171,'user','meal','view',1,'2026-03-14 16:45:23','2026-03-14 16:45:23'),(11172,'user','transport','cancel_request',1,'2026-03-14 16:45:23','2026-03-14 16:45:23'),(11173,'user','transport','submit_request',1,'2026-03-14 16:45:23','2026-03-14 16:45:23'),(11174,'user','transport','transport_allocation',1,'2026-03-14 16:45:23','2026-03-14 16:45:23'),(11175,'user','transport','transport_request',1,'2026-03-14 16:45:23','2026-03-14 16:45:23'),(11176,'user','transport','view',1,'2026-03-14 16:45:23','2026-03-14 16:45:23'),(11177,'user','grievance','filter_grievances',1,'2026-03-14 16:45:23','2026-03-14 16:45:23'),(11178,'user','grievance','my_grievances',1,'2026-03-14 16:45:23','2026-03-14 16:45:23'),(11179,'user','grievance','submit_grievance',1,'2026-03-14 16:45:23','2026-03-14 16:45:23'),(11180,'user','grievance','submit_grievance_form',1,'2026-03-14 16:45:23','2026-03-14 16:45:23'),(11181,'user','grievance','view',1,'2026-03-14 16:45:23','2026-03-14 16:45:23'),(11182,'user','requests','my_requests',1,'2026-03-14 16:45:23','2026-03-14 16:45:23'),(11183,'user','requests','submit_request',1,'2026-03-14 16:45:23','2026-03-14 16:45:23'),(11184,'user','requests','view',1,'2026-03-14 16:45:23','2026-03-14 16:45:23'),(11185,'user','events','calendar_view',1,'2026-03-14 16:45:23','2026-03-14 16:45:23'),(11186,'user','events','event_list',1,'2026-03-14 16:45:23','2026-03-14 16:45:23'),(11187,'user','events','view',1,'2026-03-14 16:45:23','2026-03-14 16:45:23'),(11188,'user','medical','balance_checker',1,'2026-03-14 16:45:23','2026-03-14 16:45:23'),(11189,'user','medical','spectacles_claims',1,'2026-03-14 16:45:23','2026-03-14 16:45:23'),(11190,'user','medical','view',1,'2026-03-14 16:45:23','2026-03-14 16:45:23'),(11191,'user','offboarding','clearance_form',1,'2026-03-14 16:45:24','2026-03-14 16:45:24'),(11192,'user','offboarding','exit_interview',1,'2026-03-14 16:45:24','2026-03-14 16:45:24'),(11193,'user','offboarding','resignation_form',1,'2026-03-14 16:45:24','2026-03-14 16:45:24'),(11194,'user','offboarding','retention_analytics',1,'2026-03-14 16:45:24','2026-03-14 16:45:24'),(11195,'user','offboarding','view',1,'2026-03-14 16:45:24','2026-03-14 16:45:24'),(11196,'user','training','evaluation',1,'2026-03-14 16:45:24','2026-03-14 16:45:24'),(11197,'user','training','feedback',1,'2026-03-14 16:45:24','2026-03-14 16:45:24'),(11198,'user','training','view',1,'2026-03-14 16:45:24','2026-03-14 16:45:24'),(11199,'user','goals','final_evaluation',1,'2026-03-14 16:45:24','2026-03-14 16:45:24'),(11200,'user','goals','goal_forms',1,'2026-03-14 16:45:24','2026-03-14 16:45:24'),(11201,'user','goals','goal_setting_forms',1,'2026-03-14 16:45:24','2026-03-14 16:45:24'),(11202,'user','goals','mid_year_review',1,'2026-03-14 16:45:24','2026-03-14 16:45:24'),(11203,'user','goals','view',1,'2026-03-14 16:45:24','2026-03-14 16:45:24'),(11204,'user','skill','view',1,'2026-03-14 16:45:24','2026-03-14 16:45:24'),(11205,'supervisor','employee','employee_list',1,'2026-03-14 16:45:34','2026-03-14 16:45:34'),(11206,'supervisor','employee','export_data',1,'2026-03-14 16:45:34','2026-03-14 16:45:34'),(11207,'supervisor','employee','filter_search',1,'2026-03-14 16:45:34','2026-03-14 16:45:34'),(11208,'supervisor','employee','org_chart',1,'2026-03-14 16:45:34','2026-03-14 16:45:34'),(11209,'supervisor','employee','view',1,'2026-03-14 16:45:34','2026-03-14 16:45:34'),(11210,'supervisor','employee','view_details',1,'2026-03-14 16:45:34','2026-03-14 16:45:34'),(11211,'supervisor','employee','view_own',1,'2026-03-14 16:45:34','2026-03-14 16:45:34'),(11212,'supervisor','meal','employee_meal_request',1,'2026-03-14 16:45:34','2026-03-14 16:45:34'),(11213,'supervisor','meal','my_meal_history',1,'2026-03-14 16:45:34','2026-03-14 16:45:34'),(11214,'supervisor','meal','quick_reports',1,'2026-03-14 16:45:34','2026-03-14 16:45:34'),(11215,'supervisor','meal','reset_employee_request',1,'2026-03-14 16:45:34','2026-03-14 16:45:34'),(11216,'supervisor','meal','submit_employee_request',1,'2026-03-14 16:45:34','2026-03-14 16:45:34'),(11217,'supervisor','meal','view',1,'2026-03-14 16:45:34','2026-03-14 16:45:34'),(11218,'supervisor','meal','visitor_meal_request',1,'2026-03-14 16:45:34','2026-03-14 16:45:34'),(11219,'supervisor','transport','cancel_request',1,'2026-03-14 16:45:34','2026-03-14 16:45:34'),(11220,'supervisor','transport','submit_request',1,'2026-03-14 16:45:34','2026-03-14 16:45:34'),(11221,'supervisor','transport','transport_allocation',1,'2026-03-14 16:45:34','2026-03-14 16:45:34'),(11222,'supervisor','transport','transport_request',1,'2026-03-14 16:45:34','2026-03-14 16:45:34'),(11223,'supervisor','transport','view',1,'2026-03-14 16:45:34','2026-03-14 16:45:34'),(11224,'supervisor','grievance','case_management',1,'2026-03-14 16:45:34','2026-03-14 16:45:34'),(11225,'supervisor','grievance','filter_grievances',1,'2026-03-14 16:45:34','2026-03-14 16:45:34'),(11226,'supervisor','grievance','grievance_list',1,'2026-03-14 16:45:34','2026-03-14 16:45:34'),(11227,'supervisor','grievance','my_grievances',1,'2026-03-14 16:45:34','2026-03-14 16:45:34'),(11228,'supervisor','grievance','submit_grievance',1,'2026-03-14 16:45:34','2026-03-14 16:45:34'),(11229,'supervisor','grievance','submit_grievance_form',1,'2026-03-14 16:45:34','2026-03-14 16:45:34'),(11230,'supervisor','grievance','view',1,'2026-03-14 16:45:34','2026-03-14 16:45:34'),(11231,'supervisor','requests','my_requests',1,'2026-03-14 16:45:34','2026-03-14 16:45:34'),(11232,'supervisor','requests','submit_request',1,'2026-03-14 16:45:34','2026-03-14 16:45:34'),(11233,'supervisor','requests','view',1,'2026-03-14 16:45:34','2026-03-14 16:45:34'),(11234,'supervisor','events','calendar_view',1,'2026-03-14 16:45:34','2026-03-14 16:45:34'),(11235,'supervisor','events','event_list',1,'2026-03-14 16:45:34','2026-03-14 16:45:34'),(11236,'supervisor','events','view',1,'2026-03-14 16:45:34','2026-03-14 16:45:34'),(11237,'supervisor','medical','balance_checker',1,'2026-03-14 16:45:34','2026-03-14 16:45:34'),(11238,'supervisor','medical','spectacles_claims',1,'2026-03-14 16:45:34','2026-03-14 16:45:34'),(11239,'supervisor','medical','view',1,'2026-03-14 16:45:34','2026-03-14 16:45:34'),(11240,'supervisor','offboarding','clearance_form',1,'2026-03-14 16:45:34','2026-03-14 16:45:34'),(11241,'supervisor','offboarding','exit_interview',1,'2026-03-14 16:45:34','2026-03-14 16:45:34'),(11242,'supervisor','offboarding','resignation_form',1,'2026-03-14 16:45:34','2026-03-14 16:45:34'),(11243,'supervisor','offboarding','view',1,'2026-03-14 16:45:34','2026-03-14 16:45:34'),(11244,'supervisor','training','evaluation',1,'2026-03-14 16:45:34','2026-03-14 16:45:34'),(11245,'supervisor','training','feedback',1,'2026-03-14 16:45:34','2026-03-14 16:45:34'),(11246,'supervisor','training','plans',1,'2026-03-14 16:45:34','2026-03-14 16:45:34'),(11247,'supervisor','training','tracker',1,'2026-03-14 16:45:34','2026-03-14 16:45:34'),(11248,'supervisor','training','view',1,'2026-03-14 16:45:34','2026-03-14 16:45:34'),(11249,'supervisor','goals','final_evaluation',1,'2026-03-14 16:45:34','2026-03-14 16:45:34'),(11250,'supervisor','goals','goal_forms',1,'2026-03-14 16:45:34','2026-03-14 16:45:34'),(11251,'supervisor','goals','goal_setting_forms',1,'2026-03-14 16:45:34','2026-03-14 16:45:34'),(11252,'supervisor','goals','mid_year_review',1,'2026-03-14 16:45:34','2026-03-14 16:45:34'),(11253,'supervisor','goals','view',1,'2026-03-14 16:45:34','2026-03-14 16:45:34'),(11254,'supervisor','performance','staff_appraisal',1,'2026-03-14 16:45:34','2026-03-14 16:45:34'),(11255,'supervisor','performance','staff_list',1,'2026-03-14 16:45:34','2026-03-14 16:45:34'),(11256,'supervisor','performance','staff_marks',1,'2026-03-14 16:45:34','2026-03-14 16:45:34'),(11257,'supervisor','performance','view',1,'2026-03-14 16:45:34','2026-03-14 16:45:34'),(11258,'supervisor','performance','view_marks',1,'2026-03-14 16:45:34','2026-03-14 16:45:34'),(11259,'manager','employee','data_monitor',1,'2026-03-14 16:45:58','2026-03-14 16:45:58'),(11260,'manager','employee','employee_list',1,'2026-03-14 16:45:58','2026-03-14 16:45:58'),(11261,'manager','employee','export_data',1,'2026-03-14 16:45:58','2026-03-14 16:45:58'),(11262,'manager','employee','filter_search',1,'2026-03-14 16:45:58','2026-03-14 16:45:58'),(11263,'manager','employee','org_chart',1,'2026-03-14 16:45:58','2026-03-14 16:45:58'),(11264,'manager','employee','view',1,'2026-03-14 16:45:58','2026-03-14 16:45:58'),(11265,'manager','employee','view_details',1,'2026-03-14 16:45:58','2026-03-14 16:45:58'),(11266,'manager','employee','view_direct_reports',1,'2026-03-14 16:45:58','2026-03-14 16:45:58'),(11267,'manager','employee','view_hierarchy',1,'2026-03-14 16:45:58','2026-03-14 16:45:58'),(11268,'manager','employee','view_own',1,'2026-03-14 16:45:58','2026-03-14 16:45:58'),(11269,'manager','meal','employee_meal_request',1,'2026-03-14 16:45:58','2026-03-14 16:45:58'),(11270,'manager','meal','my_meal_history',1,'2026-03-14 16:45:58','2026-03-14 16:45:58'),(11271,'manager','meal','submit_employee_request',1,'2026-03-14 16:45:58','2026-03-14 16:45:58'),(11272,'manager','meal','view',1,'2026-03-14 16:45:58','2026-03-14 16:45:58'),(11273,'manager','meal','visitor_meal_request',1,'2026-03-14 16:45:58','2026-03-14 16:45:58'),(11274,'manager','transport','cancel_request',1,'2026-03-14 16:45:58','2026-03-14 16:45:58'),(11275,'manager','transport','submit_request',1,'2026-03-14 16:45:58','2026-03-14 16:45:58'),(11276,'manager','transport','transport_allocation',1,'2026-03-14 16:45:58','2026-03-14 16:45:58'),(11277,'manager','transport','transport_request',1,'2026-03-14 16:45:58','2026-03-14 16:45:58'),(11278,'manager','transport','view',1,'2026-03-14 16:45:58','2026-03-14 16:45:58'),(11279,'manager','grievance','case_management',1,'2026-03-14 16:45:58','2026-03-14 16:45:58'),(11280,'manager','grievance','filter_grievances',1,'2026-03-14 16:45:58','2026-03-14 16:45:58'),(11281,'manager','grievance','grievance_list',1,'2026-03-14 16:45:58','2026-03-14 16:45:58'),(11282,'manager','grievance','my_grievances',1,'2026-03-14 16:45:58','2026-03-14 16:45:58'),(11283,'manager','grievance','reports',1,'2026-03-14 16:45:58','2026-03-14 16:45:58'),(11284,'manager','grievance','submit_grievance',1,'2026-03-14 16:45:58','2026-03-14 16:45:58'),(11285,'manager','grievance','submit_grievance_form',1,'2026-03-14 16:45:58','2026-03-14 16:45:58'),(11286,'manager','grievance','view',1,'2026-03-14 16:45:58','2026-03-14 16:45:58'),(11287,'manager','requests','my_requests',1,'2026-03-14 16:45:58','2026-03-14 16:45:58'),(11288,'manager','requests','submit_request',1,'2026-03-14 16:45:58','2026-03-14 16:45:58'),(11289,'manager','requests','view',1,'2026-03-14 16:45:58','2026-03-14 16:45:58'),(11290,'manager','events','calendar_view',1,'2026-03-14 16:45:58','2026-03-14 16:45:58'),(11291,'manager','events','event_list',1,'2026-03-14 16:45:58','2026-03-14 16:45:58'),(11292,'manager','events','view',1,'2026-03-14 16:45:58','2026-03-14 16:45:58'),(11293,'manager','medical','balance_checker',1,'2026-03-14 16:45:58','2026-03-14 16:45:58'),(11294,'manager','medical','spectacles_claims',1,'2026-03-14 16:45:58','2026-03-14 16:45:58'),(11295,'manager','medical','view',1,'2026-03-14 16:45:58','2026-03-14 16:45:58'),(11296,'manager','offboarding','clearance_form',1,'2026-03-14 16:45:58','2026-03-14 16:45:58'),(11297,'manager','offboarding','exit_interview',1,'2026-03-14 16:45:58','2026-03-14 16:45:58'),(11298,'manager','offboarding','resignation_approvals',1,'2026-03-14 16:45:58','2026-03-14 16:45:58'),(11299,'manager','offboarding','resignation_form',1,'2026-03-14 16:45:58','2026-03-14 16:45:58'),(11300,'manager','offboarding','view',1,'2026-03-14 16:45:58','2026-03-14 16:45:58'),(11301,'manager','training','budget',1,'2026-03-14 16:45:58','2026-03-14 16:45:58'),(11302,'manager','training','evaluation',1,'2026-03-14 16:45:58','2026-03-14 16:45:58'),(11303,'manager','training','feedback',1,'2026-03-14 16:45:58','2026-03-14 16:45:58'),(11304,'manager','training','management',1,'2026-03-14 16:45:58','2026-03-14 16:45:58'),(11305,'manager','training','plans',1,'2026-03-14 16:45:58','2026-03-14 16:45:58'),(11306,'manager','training','reports',1,'2026-03-14 16:45:58','2026-03-14 16:45:58'),(11307,'manager','training','requirements',1,'2026-03-14 16:45:58','2026-03-14 16:45:58'),(11308,'manager','training','tracker',1,'2026-03-14 16:45:58','2026-03-14 16:45:58'),(11309,'manager','training','view',1,'2026-03-14 16:45:58','2026-03-14 16:45:58'),(11310,'manager','goals','executive_list',1,'2026-03-14 16:45:58','2026-03-14 16:45:58'),(11311,'manager','goals','final_evaluation',1,'2026-03-14 16:45:58','2026-03-14 16:45:58'),(11312,'manager','goals','goal_forms',1,'2026-03-14 16:45:58','2026-03-14 16:45:58'),(11313,'manager','goals','goal_setting_forms',1,'2026-03-14 16:45:58','2026-03-14 16:45:58'),(11314,'manager','goals','mid_year_review',1,'2026-03-14 16:45:58','2026-03-14 16:45:58'),(11315,'manager','goals','view',1,'2026-03-14 16:45:58','2026-03-14 16:45:58'),(11316,'manager','performance','executive_appraisal',1,'2026-03-14 16:45:58','2026-03-14 16:45:58'),(11317,'manager','performance','executive_list',1,'2026-03-14 16:45:58','2026-03-14 16:45:58'),(11318,'manager','performance','executive_setup',1,'2026-03-14 16:45:58','2026-03-14 16:45:58'),(11319,'manager','performance','leave_utilization',1,'2026-03-14 16:45:58','2026-03-14 16:45:58'),(11320,'manager','performance','view',1,'2026-03-14 16:45:58','2026-03-14 16:45:58'),(11321,'manager','key_talent','assessment_form',1,'2026-03-14 16:45:58','2026-03-14 16:45:58'),(11322,'manager','key_talent','conduct_assessment',1,'2026-03-14 16:45:58','2026-03-14 16:45:58'),(11323,'manager','key_talent','talent_grid',1,'2026-03-14 16:45:58','2026-03-14 16:45:58'),(11324,'manager','key_talent','view',1,'2026-03-14 16:45:58','2026-03-14 16:45:58'),(11325,'manager','skill','assessment_reports',1,'2026-03-14 16:45:58','2026-03-14 16:45:58'),(11326,'manager','skill','skill_assessment',1,'2026-03-14 16:45:58','2026-03-14 16:45:58'),(11327,'manager','skill','view',1,'2026-03-14 16:45:58','2026-03-14 16:45:58'),(11328,'manager','skill','view_skill_matrix',1,'2026-03-14 16:45:58','2026-03-14 16:45:58'),(11329,'admin','employee','data_monitor',1,'2026-03-14 16:46:15','2026-03-14 16:46:15'),(11330,'admin','employee','employee_list',1,'2026-03-14 16:46:15','2026-03-14 16:46:15'),(11331,'admin','employee','export_data',1,'2026-03-14 16:46:15','2026-03-14 16:46:15'),(11332,'admin','employee','filter_search',1,'2026-03-14 16:46:15','2026-03-14 16:46:15'),(11333,'admin','employee','org_chart',1,'2026-03-14 16:46:15','2026-03-14 16:46:15'),(11334,'admin','employee','view',1,'2026-03-14 16:46:15','2026-03-14 16:46:15'),(11335,'admin','employee','view_all',1,'2026-03-14 16:46:15','2026-03-14 16:46:15'),(11336,'admin','employee','view_details',1,'2026-03-14 16:46:15','2026-03-14 16:46:15'),(11337,'admin','employee','view_direct_reports',1,'2026-03-14 16:46:15','2026-03-14 16:46:15'),(11338,'admin','employee','view_own',1,'2026-03-14 16:46:15','2026-03-14 16:46:15'),(11339,'admin','meal','daily_overview',1,'2026-03-14 16:46:15','2026-03-14 16:46:15'),(11340,'admin','meal','detailed_request_list',1,'2026-03-14 16:46:15','2026-03-14 16:46:15'),(11341,'admin','meal','employee_meal_counter',1,'2026-03-14 16:46:15','2026-03-14 16:46:15'),(11342,'admin','meal','employee_meal_request',1,'2026-03-14 16:46:15','2026-03-14 16:46:15'),(11343,'admin','meal','meal_analytics',1,'2026-03-14 16:46:15','2026-03-14 16:46:15'),(11344,'admin','meal','my_meal_history',1,'2026-03-14 16:46:15','2026-03-14 16:46:15'),(11345,'admin','meal','quick_reports',1,'2026-03-14 16:46:15','2026-03-14 16:46:15'),(11346,'admin','meal','reset_employee_request',1,'2026-03-14 16:46:15','2026-03-14 16:46:15'),(11347,'admin','meal','submit_employee_request',1,'2026-03-14 16:46:15','2026-03-14 16:46:15'),(11348,'admin','meal','view',1,'2026-03-14 16:46:15','2026-03-14 16:46:15'),(11349,'admin','meal','visitor_meal_counter',1,'2026-03-14 16:46:15','2026-03-14 16:46:15'),(11350,'admin','meal','visitor_meal_request',1,'2026-03-14 16:46:15','2026-03-14 16:46:15'),(11351,'admin','meal','visitor_request_management',1,'2026-03-14 16:46:15','2026-03-14 16:46:15'),(11352,'admin','transport','cancel_request',1,'2026-03-14 16:46:15','2026-03-14 16:46:15'),(11353,'admin','transport','driver_pool',1,'2026-03-14 16:46:15','2026-03-14 16:46:15'),(11354,'admin','transport','submit_request',1,'2026-03-14 16:46:15','2026-03-14 16:46:15'),(11355,'admin','transport','transport_allocation',1,'2026-03-14 16:46:15','2026-03-14 16:46:15'),(11356,'admin','transport','transport_reports',1,'2026-03-14 16:46:15','2026-03-14 16:46:15'),(11357,'admin','transport','transport_request',1,'2026-03-14 16:46:15','2026-03-14 16:46:15'),(11358,'admin','transport','vehicle_pool',1,'2026-03-14 16:46:15','2026-03-14 16:46:15'),(11359,'admin','transport','vehicle_register',1,'2026-03-14 16:46:15','2026-03-14 16:46:15'),(11360,'admin','transport','view',1,'2026-03-14 16:46:15','2026-03-14 16:46:15'),(11361,'admin','grievance','case_management',1,'2026-03-14 16:46:15','2026-03-14 16:46:15'),(11362,'admin','grievance','filter_grievances',1,'2026-03-14 16:46:15','2026-03-14 16:46:15'),(11363,'admin','grievance','grievance_list',1,'2026-03-14 16:46:15','2026-03-14 16:46:15'),(11364,'admin','grievance','my_grievances',1,'2026-03-14 16:46:15','2026-03-14 16:46:15'),(11365,'admin','grievance','reports',1,'2026-03-14 16:46:15','2026-03-14 16:46:15'),(11366,'admin','grievance','submit_grievance',1,'2026-03-14 16:46:15','2026-03-14 16:46:15'),(11367,'admin','grievance','submit_grievance_form',1,'2026-03-14 16:46:15','2026-03-14 16:46:15'),(11368,'admin','grievance','view',1,'2026-03-14 16:46:15','2026-03-14 16:46:15'),(11369,'admin','requests','all_requests',1,'2026-03-14 16:46:15','2026-03-14 16:46:15'),(11370,'admin','requests','my_requests',1,'2026-03-14 16:46:15','2026-03-14 16:46:15'),(11371,'admin','requests','reports',1,'2026-03-14 16:46:15','2026-03-14 16:46:15'),(11372,'admin','requests','submit_request',1,'2026-03-14 16:46:15','2026-03-14 16:46:15'),(11373,'admin','requests','view',1,'2026-03-14 16:46:15','2026-03-14 16:46:15'),(11374,'admin','events','calendar_view',1,'2026-03-14 16:46:15','2026-03-14 16:46:15'),(11375,'admin','events','event_list',1,'2026-03-14 16:46:16','2026-03-14 16:46:16'),(11376,'admin','events','view',1,'2026-03-14 16:46:16','2026-03-14 16:46:16'),(11377,'admin','medical','balance_checker',1,'2026-03-14 16:46:16','2026-03-14 16:46:16'),(11378,'admin','medical','reports',1,'2026-03-14 16:46:16','2026-03-14 16:46:16'),(11379,'admin','medical','spectacles_claims',1,'2026-03-14 16:46:16','2026-03-14 16:46:16'),(11380,'admin','medical','view',1,'2026-03-14 16:46:16','2026-03-14 16:46:16'),(11381,'admin','offboarding','clearance_form',1,'2026-03-14 16:46:16','2026-03-14 16:46:16'),(11382,'admin','offboarding','exit_interview',1,'2026-03-14 16:46:16','2026-03-14 16:46:16'),(11383,'admin','offboarding','offboarding_list',1,'2026-03-14 16:46:16','2026-03-14 16:46:16'),(11384,'admin','offboarding','resignation_approvals',1,'2026-03-14 16:46:16','2026-03-14 16:46:16'),(11385,'admin','offboarding','resignation_form',1,'2026-03-14 16:46:16','2026-03-14 16:46:16'),(11386,'admin','offboarding','view',1,'2026-03-14 16:46:16','2026-03-14 16:46:16'),(11387,'admin','training','budget',1,'2026-03-14 16:46:16','2026-03-14 16:46:16'),(11388,'admin','training','evaluation',1,'2026-03-14 16:46:16','2026-03-14 16:46:16'),(11389,'admin','training','feedback',1,'2026-03-14 16:46:16','2026-03-14 16:46:16'),(11390,'admin','training','management',1,'2026-03-14 16:46:16','2026-03-14 16:46:16'),(11391,'admin','training','plans',1,'2026-03-14 16:46:16','2026-03-14 16:46:16'),(11392,'admin','training','reports',1,'2026-03-14 16:46:16','2026-03-14 16:46:16'),(11393,'admin','training','requirements',1,'2026-03-14 16:46:16','2026-03-14 16:46:16'),(11394,'admin','training','tracker',1,'2026-03-14 16:46:16','2026-03-14 16:46:16'),(11395,'admin','training','view',1,'2026-03-14 16:46:16','2026-03-14 16:46:16'),(11396,'admin','goals','final_evaluation',1,'2026-03-14 16:46:16','2026-03-14 16:46:16'),(11397,'admin','goals','goal_forms',1,'2026-03-14 16:46:16','2026-03-14 16:46:16'),(11398,'admin','goals','goal_setting_forms',1,'2026-03-14 16:46:16','2026-03-14 16:46:16'),(11399,'admin','goals','mid_year_review',1,'2026-03-14 16:46:16','2026-03-14 16:46:16'),(11400,'admin','goals','view',1,'2026-03-14 16:46:16','2026-03-14 16:46:16'),(11401,'admin','performance','staff_appraisal',1,'2026-03-14 16:46:16','2026-03-14 16:46:16'),(11402,'admin','performance','staff_list',1,'2026-03-14 16:46:16','2026-03-14 16:46:16'),(11403,'admin','performance','staff_marks',1,'2026-03-14 16:46:16','2026-03-14 16:46:16'),(11404,'admin','performance','view',1,'2026-03-14 16:46:16','2026-03-14 16:46:16'),(11405,'admin','performance','view_marks',1,'2026-03-14 16:46:16','2026-03-14 16:46:16');
/*!40000 ALTER TABLE `role_permissions` ENABLE KEYS */;
UNLOCK TABLES;

--
-- Dumping data for table `system_settings`
--

LOCK TABLES `system_settings` WRITE;
/*!40000 ALTER TABLE `system_settings` DISABLE KEYS */;
INSERT INTO `system_settings` (`id`, `setting_key`, `setting_value`, `description`, `created_at`, `updated_at`) VALUES (1,'system_name','SmartHRM System','Application Name','2026-02-04 18:45:49','2026-02-04 18:45:49'),(2,'theme_color','#007bff','Primary System Color','2026-02-04 18:45:49','2026-02-04 18:45:49'),(3,'date_format','Y-m-d','System Date Format','2026-02-04 18:45:49','2026-02-04 18:45:49'),(4,'time_format','H:i','System Time Format','2026-02-04 18:45:49','2026-02-05 06:42:48'),(5,'session_timeout','3600','Session Timeout in Seconds','2026-02-04 18:45:49','2026-02-04 18:45:49'),(6,'file_max_size','10485760','Maximum File Upload Size in Bytes','2026-02-04 18:45:49','2026-02-04 18:45:49'),(7,'company_name','PB Pictures','Company Name','2026-02-04 18:45:49','2026-02-04 18:45:49'),(8,'primary_color','#0078f9',NULL,'2026-02-05 01:44:47','2026-02-05 01:52:22'),(9,'secondary_color','#6c757d',NULL,'2026-02-05 01:44:47','2026-02-05 01:44:47'),(10,'success_color','#28a745',NULL,'2026-02-05 01:44:47','2026-02-05 01:44:47'),(11,'danger_color','#dc3545',NULL,'2026-02-05 01:44:47','2026-02-05 01:44:47'),(12,'warning_color','#ffc107',NULL,'2026-02-05 01:44:47','2026-02-05 01:44:47'),(13,'info_color','#17a2b8',NULL,'2026-02-05 01:44:47','2026-02-05 01:44:47'),(26,'timezone','Asia/Colombo',NULL,'2026-02-05 06:42:48','2026-02-05 06:42:48'),(29,'first_day_of_week','1',NULL,'2026-02-05 06:42:48','2026-02-05 06:42:48');
/*!40000 ALTER TABLE `system_settings` ENABLE KEYS */;
UNLOCK TABLES;
/*!40103 SET TIME_ZONE=@OLD_TIME_ZONE */;

/*!40101 SET SQL_MODE=@OLD_SQL_MODE */;
/*!40014 SET FOREIGN_KEY_CHECKS=@OLD_FOREIGN_KEY_CHECKS */;
/*!40014 SET UNIQUE_CHECKS=@OLD_UNIQUE_CHECKS */;
/*!40101 SET CHARACTER_SET_CLIENT=@OLD_CHARACTER_SET_CLIENT */;
/*!40101 SET CHARACTER_SET_RESULTS=@OLD_CHARACTER_SET_RESULTS */;
/*!40101 SET COLLATION_CONNECTION=@OLD_COLLATION_CONNECTION */;
/*!40111 SET SQL_NOTES=@OLD_SQL_NOTES */;

-- Dump completed on 2026-03-18 15:49:16
